id_commune;nom_commune;code_dep;code_com
1;PARIS 18;75;118
2;PARIS 10;75;110
3;ISLE;87;75
4;LIMOGES;87;85
5;NEVERS;58;194
6;THYEZ;74;278
7;PARIS 11;75;111
8;TAVERNY;95;607
9;PEZENAS;34;199
10;SARTROUVILLE;78;586
11;LOUVECIENNES;78;350
12;HOULGATE;14;338
13;GAGNY;93;32
14;NOISY-LE-GRAND;93;51
15;MONT-SAINT-AIGNAN;76;451
16;ST-JULIEN-EN-BORN;40;266
17;DIEPPE;76;217
18;MONTIGNY LE BRETONNEUX;78;423
19;LA CIOTAT;13;28
20;SAINT GERVAIS LES BAINS;74;236
21;NICE;6;88
22;ANTIBES;6;4
23;LUNEL;34;145
24;LISIEUX;14;366
25;EPERNAY;51;230
26;SAINT MEDARD EN JALLES;33;449
27;COMPIEGNE;60;159
28;PLOEMEL;56;161
29;MARSEILLAN;34;150
30;SAINT LAURENT DU VAR;6;123
31;CLAYE-SOUILLY;77;118
32;SAINT-CYR-SUR-MER;83;112
33;HYERES;83;69
34;SAINT-CYR-L ECOLE;78;545
35;SANARY SUR MER;83;123
36;CHALLANS;85;47
37;FRANCONVILLE LA GARENNE;95;252
38;MARSEILLE 12EME;13;212
39;CARCANS;33;97
40;PARIS 12;75;112
41;SAINT-NAZAIRE;44;184
42;LEVALLOIS-PERRET;92;44
43;PARIS 05;75;105
44;SAINT RENAN;29;260
45;SAINT-VALERY-EN-CAUX;76;655
46;COURBEVOIE;92;26
47;PARIS 15;75;115
48;TOURS;37;261
49;LYON 4EME;69;384
50;ROUBAIX;59;512
51;CHASSENEUIL-DU-POITOU;86;62
52;POITIERS;86;194
53;COLOMBES;92;25
54;REZE;44;143
55;SEVRAN;93;71
56;CHEVRY;1;103
57;LA QUEUE-EN-BRIE;94;60
58;VINCENNES;94;80
59;BORDEAUX;33;63
60;TOULOUSE;31;555
61;AVIGNON;84;7
62;GENNEVILLIERS;92;36
63;NANCY;54;395
64;MENUCOURT;95;388
65;OULLINS;69;149
66;RANTIGNY;60;524
67;FORGES-LES-BAINS;91;249
68;MARSEILLE 8EME;13;208
69;LES PAVILLONS-SOUS-BOIS;93;57
70;WISSOUS;91;689
71;GRENOBLE;38;185
72;SAINT-JEAN-D'AULPS;74;238
73;SAINT-GERMAIN-EN-LAYE;78;551
74;VELIZY VILLACOUBLAY;78;640
75;LA GARDE;83;62
76;LA ROCHELLE;17;300
77;VIEUX BOUCAU-LES-BAINS;40;328
78;BEAUVAIS;60;57
79;BESANCON;25;56
80;AUBAGNE;13;5
81;QUIMPER;29;232
82;MONTLOUIS-SUR-LOIRE;37;156
83;LIMEIL-BREVANNES;94;44
84;EVIAN-LES-BAINS;74;119
85;CIRES LES MELLO;60;155
86;JOINVILLE-LE-PONT;94;42
87;SUCY-EN-BRIE;94;71
88;SAINT-MAUR-DES-FOSSES;94;68
89;BRETIGNOLLES-SUR-MER;85;35
90;FONTENAY-SOUS-BOIS;94;33
91;MARCQ EN BAROEUL;59;378
92;PROVINS;77;379
93;RUEIL-MALMAISON;92;63
94;VERSAILLES;78;646
95;NOGENT-SUR-MARNE;94;52
96;LA VILLE DIEU DU TEMPLE;82;96
97;JUVISY SUR ORGE;91;326
98;NANTERRE;92;50
99;MASSY;91;377
100;MONTLHERY;91;425
101;SAINT-MICHEL-SUR-ORGE;91;570
102;SOORTS-HOSSEGOR;40;304
103;PARIS 14;75;114
104;LONGEVILLE-SUR-MER;85;127
105;VANVES;92;75
106;MONTREUIL;93;48
107;NANTES;44;109
108;TRAPPES;78;621
109;ASNIERES-SUR-SEINE;92;4
110;PARIS 17;75;117
111;ARACHES LA FRASSE;74;14
112;CLAMART;92;23
113;ETIOLLES;91;225
114;VILLIERS-SUR-MARNE;94;79
115;GAVRES;56;62
116;RAISMES;59;491
117;AIGUES-MORTES;30;3
118;MARSEILLE 6EME;13;206
119;MARGNY LES COMPIEGNE;60;382
120;CAEN;14;118
121;MOULINS;3;190
122;CAGNES SUR MER;6;27
123;SISTERON;4;209
124;BALARUC LES BAINS;34;23
125;LYON 9EME;69;389
126;IVRY-SUR-SEINE;94;41
127;CHOISY-LE-ROI;94;22
128;VILLEJUIF;94;76
129;RIEZ;4;166
130;SAINT VIT;25;527
131;REIMS;51;454
132;RIOM;63;300
133;SAINT-BRIEUC;22;278
134;ROMILLY SUR SEINE;10;323
135;DAX;40;88
136;AGNEAUX;50;2
137;NIMES;30;189
138;BELFORT;90;10
139;SAINT-MARCELLIN-EN-FOREZ;42;256
140;LE GRAU DU ROI;30;133
141;ST SEBASTIEN SUR LOIRE;44;190
142;SAINT-GENIS-LAVAL;69;204
143;MARSEILLE 9EME;13;209
144;ORLEANS;45;234
145;MERU;60;395
146;LAON;2;408
147;MARSEILLE 4EME;13;204
148;LANNION;22;113
149;VILLEFRANCHE-SUR-MER;6;159
150;ARRAS;62;41
151;FONTAINE;38;169
152;BISCARROSSE;40;46
153;HONFLEUR;14;333
154;THOUARE-SUR-LOIRE;44;204
155;LA MADELEINE;59;368
156;VILLENAVE D ORNON;33;550
157;BOULOGNE-BILLANCOURT;92;12
158;ENCHASTRAYES;4;73
159;CARQUEIRANNE;83;34
160;BANDOL;83;9
161;SAINT-JEAN-LE-BLANC;45;286
162;VESOUL;70;550
163;PARIS 20;75;120
164;PARIS 04;75;104
165;SAINT-XANDRE;17;414
166;LES DEUX ALPES;38;253
167;ACHERES;78;5
168;CHAVILLE;92;22
169;ERAGNY-SUR-OISE;95;218
170;PONTOISE;95;500
171;ST OUEN L AUMONE;95;572
172;SABLES-D'OLONNE (LES);85;194
173;PERIGUEUX;24;322
174;AUCH;32;13
175;MARSEILLE 1ER;13;201
176;LE LAVANDOU;83;70
177;MARLY-LE-ROI;78;372
178;ALBIGNY-SUR-SAONE;69;3
179;VILLEFRANCHE;69;264
180;CACHAN;94;16
181;PARIS 07;75;107
182;PERROS-GUIREC;22;168
183;CHARTRES;28;85
184;BRUGES;33;75
185;ALES;30;7
186;CARNOUX-EN-PROVENCE;13;119
187;MEUDON;92;48
188;TROUVILLE-SUR-MER;14;715
189;PARIS 02;75;102
190;VILLERS-SUR-MER;14;754
191;MONTLUEL;1;262
192;SAINT-PAUL-EN-CHABLAIS;74;249
193;SAINT-PHILBERT-DE-BOUAINE;85;262
194;BUSSY-SAINT-GEORGES;77;58
195;MAUREPAS;78;383
196;EAUBONNE;95;203
197;SAINT-GERMAIN-DE-LA-GRANGE;78;550
198;BUSSY-SAINT-MARTIN;77;59
199;MONTIVILLIERS;76;447
200;BRUNOY;91;114
201;SAVIGNY-SUR-ORGE;91;589
202;MELUN;77;288
203;PARIS 06;75;106
204;AUBERVILLIERS;93;1
205;RAON L ETAPE;88;372
206;LE HAVRE;76;351
207;LONGPERRIER;77;259
208;ANNET-SUR-MARNE;77;5
209;BAGNOLET;93;6
210;BONDY;93;10
211;PARIS 03;75;103
212;BOIS-COLOMBES;92;9
213;ANDERNOS-LES-BAINS;33;5
214;BOURG-LA-REINE;92;14
215;AVON;77;14
216;FONTENAY-TRESIGNY;77;192
217;BLONVILLE-SUR-MER;14;79
218;SALLANCHES;74;256
219;AMIENS;80;21
220;MOISSAC;82;112
221;ETAMPES;91;223
222;CHAPELLE-SUR-ERDRE (LA);44;35
223;PARIS 16;75;116
224;CHOLET;49;99
225;LE PUY EN VELAY;43;157
226;ROANNE;42;187
227;GRUISSAN;11;170
228;HOMECOURT;54;263
229;CRETEIL;94;28
230;SOULAC-SUR-MER;33;514
231;CANNES-ECLUSE;77;61
232;LES BELLEVILLE;73;257
233;VILLENEUVE-SAINT-GEORGES;94;78
234;MAURECOURT;78;382
235;RENNES;35;238
236;AUVERS-SUR-OISE;95;39
237;ROSIERES PRES TROYES;10;325
238;VALENTON;94;74
239;SAINT-MAMMES;77;419
240;BEGLES;33;39
241;VAUX-LE-PENIL;77;487
242;CASSIS;13;22
243;MENTON;6;83
244;TALENCE;33;522
245;CHAMPAGNE SUR SEINE;77;79
246;LE MEE SUR SEINE;77;285
247;LE CROTOY;80;228
248;VILLEREST;42;332
249;PRECY SUR OISE;60;513
250;MANDELIEU-LA-NAPOULE;6;79
251;DURFORT-ET-SAINT-MARTIN-DE-;30;106
252;CAP-D AIL;6;32
253;DIGNE-LES-BAINS;4;70
254;CANNES;6;29
255;SAINT-MARTIN-D'HERES;38;421
256;TARNOS;40;312
257;BOISSY-SAINT-LEGER;94;4
258;TAVAUX;39;526
259;CHARENTON-LE-PONT;94;18
260;ST JEAN DE BRAYE;45;284
261;SOUCIEU EN JARREST;69;176
262;ALFORTVILLE;94;2
263;OLIVET;45;232
264;WIMEREUX;62;893
265;HUEZ;38;191
266;PACE;35;210
267;AGDE;34;3
268;STAINS;93;72
269;BAYONNE;64;102
270;FONTENAY-AUX-ROSES;92;32
271;TOULENNE;33;533
272;NEUILLY-SUR-SEINE;92;51
273;ST-VINCENT-DE-TYROSSE;40;284
274;ZONZA;;362
275;CLAYES-SOUS-BOIS (LES);78;165
276;ERMONT;95;219
277;BRIVE LA GAILLARDE;19;31
278;LYON 3EME;69;383
279;ANDREZIEUX-BOUTHEON;42;5
280;BRECH;56;23
281;SAINTE SAVINE;10;362
282;NOTRE-DAME-DE-MONTS;85;164
283;SETE;34;301
284;MARSEILLE 7EME;13;207
285;MAISONS-LAFFITTE;78;358
286;CLERMONT L HERAULT;34;79
287;LE KREMLIN-BICETRE;94;43
288;LES LILAS;93;45
289;CLICHY;92;24
290;EPINAL;88;160
291;SORINIERES (LES);44;198
292;CHATOU;78;146
293;FROUZINS;31;203
294;MARSEILLE 5EME;13;205
295;BOURGES;18;33
296;SAINT JULIEN LES VILLAS;10;343
297;LE MANS;72;181
298;PECQ (LE);78;481
299;MONTEVRAIN;77;307
300;LA CHAPELLE ST MESMIN;45;75
301;MEZE;34;157
302;TOSSE;40;317
303;LYON 1ER;69;381
304;SEVRES;92;72
305;CORBEIL ESSONNES;91;174
306;FRANCHEVILLE;69;89
307;SAINT-PIERRE-DU-MONT;40;281
308;PARIS 13;75;113
309;CHALONS EN CHAMPAGNE;51;108
310;GENTILLY;94;37
311;FERNEY-VOLTAIRE;1;160
312;SAINT SAVOURNIN;13;101
313;ANGERS;49;7
314;MEAUX;77;284
315;PORNICHET;44;132
316;PUTEAUX;92;62
317;ST-LEONARD-DE-NOBLAT;87;161
318;PERON;1;288
319;TREMBLAY-EN-FRANCE;93;73
320;CARPENTRAS;84;31
321;CHEPTAINVILLE;91;156
322;FRAIZE;88;181
323;VIUZ-EN-SALLAZ;74;311
324;ROISSY-EN-FRANCE;95;527
325;LAIGNEVILLE;60;342
326;ANTONY;92;2
327;BONDOUFLE;91;86
328;SURESNES;92;73
329;COUTANCES;50;147
330;LE PLESSIS-ROBINSON;92;60
331;DOMONT;95;199
332;MONTAUBAN;82;121
333;ISSY-LES-MOULINEAUX;92;40
334;DEAUVILLE;14;220
335;TOULON;83;137
336;SERVON;77;450
337;HERBLAY-SUR-SEINE;95;306
338;MARSEILLE 10EME;13;210
339;LABENNE;40;133
340;CHATEAU-GONTIER-SUR-MAYENNE;53;62
341;GRESSE-EN-VERCORS;38;186
342;MONTMORENCY;95;428
343;SOLLIES-PONT;83;130
344;ST-GENIS-POUILLY;1;354
345;BIGANOS;33;51
346;MANTES-LA-VILLE;78;362
347;BESSIERES;31;66
348;ST-HERBLAIN;44;162
349;CADILLAC;33;81
350;LES ANGLES;66;4
351;MARSEILLE 2EME;13;202
352;PARIS 09;75;109
353;BEAUSOLEIL;6;12
354;CASTANET TOLOSAN;31;113
355;LE BLANC-MESNIL;93;7
356;GENEUILLE;25;265
357;AUBENAS;7;19
358;MEULAN-EN-YVELINES;78;401
359;DRAVEIL;91;201
360;MERIGNAC;33;281
361;GRAVIGNY;27;299
362;NARBONNE;11;262
363;CROISSY SUR SEINE;78;190
364;MONS EN BAROEUL;59;410
365;HADOL;88;225
366;BORMES-LES-MIMOSAS;83;19
367;PEILLON;6;92
368;TIERCE;49;347
369;VALSERHONE;1;33
370;ROMAINVILLE;93;63
371;DUERNE;69;78
372;ECULLY;69;81
373;CARROS;6;33
374;PUISEAUX;45;258
375;BOURG LES VALENCE;26;58
376;FACHES THUMESNIL;59;220
377;LILLE;59;350
378;CONGRIER;53;73
379;FRONTIGNAN;34;108
380;MEYLAN;38;229
381;DREUX;28;134
382;LORMONT;33;249
383;GONESSE;95;277
384;SAINT-ETIENNE;42;218
385;MONTCEAUX;1;258
386;BOURG-SAINT-ANDEOL;7;42
387;NEUVILLE SUR SAONE;69;143
388;SAINT FRANCOIS LONGCHAMP;73;235
389;VALLOIRE;73;306
390;ROMANS-SUR-ISERE;26;281
391;MONTBONNOT-SAINT-MARTIN;38;249
392;LYON 5EME;69;385
393;MARSEILLE 13EME;13;213
394;ARGONAY;74;19
395;NEUFCHATEL-HARDELOT;62;604
396;SALAVAS;7;304
397;ST MAURICE;94;69
398;PORT-LA-NOUVELLE;11;266
399;LES ROUSSES;39;470
400;CHAMONIX MONT BLANC;74;56
401;LYON 2EME;69;382
402;BRIE COMTE ROBERT;77;53
403;LYS LEZ LANNOY;59;367
404;MARCOUSSIS;91;363
405;CARBON BLANC;33;96
406;CHATENAY-MALABRY;92;19
407;TROYES;10;387
408;MONTROUGE;92;49
409;JOUE LES TOURS;37;122
410;VALLAURIS;6;155
411;PAREMPUYRE;33;312
412;LA COLLE SUR LOUP;6;44
413;FLOIRAC;33;167
414;GRIGNY;69;96
415;SUCE-SUR-ERDRE;44;201
416;HENDAYE;64;260
417;MARSEILLE 15EME;13;215
418;BOURGBARRE;35;32
419;CHATILLON;92;20
420;FITOU;11;144
421;PONT STE MAXENCE;60;509
422;HENNEBONT;56;83
423;VILLENEUVE-D'ASCQ;59;9
424;BOISSY-SOUS-SAINT-YON;91;85
425;LEUCATE;11;202
426;LUNEVILLE;54;329
427;ST JEAN DE LA RUELLE;45;285
428;VILLENEUVE-LOUBET;6;161
429;LE CANNET;6;30
430;CADAUJAC;33;80
431;LORIENT;56;121
432;ARCACHON;33;9
433;GIF SUR YVETTE;91;272
434;VILLERS ST PAUL;60;684
435;MONT-DE-MARSAN;40;192
436;BREST;29;19
437;BOUGIVAL;78;92
438;GUERANDE;44;69
439;SAINTE ANNE;972;26
440;MAISONS-ALFORT;94;46
441;CASAGLIONE;;70
442;INDRE;44;74
443;PARIS 19;75;119
444;BELLEGARDE;30;34
445;SCIONZIER;74;264
446;COMBLOUX;74;83
447;LARMOR-PLAGE;56;107
448;BONIFACIO;;41
449;VIROFLAY;78;686
450;PONTAULT COMBAULT;77;373
451;SAVIGNY-LE-TEMPLE;77;445
452;VILLEPARISIS;77;514
453;NANDY;77;326
454;VIERZON;18;279
455;TINQUEUX;51;573
456;VIELLE-ST-GIRONS;40;326
457;SAINT THIBAULT DES VIGNES;77;438
458;ECOUEN;95;205
459;SIGEAN;11;379
460;BESSANCOURT;95;60
461;TARARE;69;243
462;PLAISIR;78;490
463;BOBIGNY;93;8
464;GRANDE-SYNTHE;59;271
465;PEONE;6;94
466;NEUILLY-PLAISANCE;93;49
467;VAUJOURS;93;74
468;TOURNAN-EN-BRIE;77;470
469;ALBI;81;4
470;SAINT-DENIS;93;66
471;EPINAY SUR SEINE;93;31
472;PLESSIS-BOUCHARD (LE);95;491
473;AVRILLE;49;15
474;EMERAINVILLE;77;169
475;ST YRIEIX LA PERCHE;87;187
476;TORCY;77;468
477;VIC-LA-GARDIOLE;34;333
478;EPONE;78;217
479;LA GARENNE-COLOMBES;92;35
480;CONFLANS SAINTE HONORINE;78;172
481;GENAY;69;278
482;SAINTE-GENEVIEVE-DES-BOIS;91;549
483;ORGEVAL;78;466
484;EVRY-COURCOURONNES;91;228
485;ATHIS MONS;91;27
486;CLERMONT;60;157
487;YERRES;91;691
488;BRY-SUR-MARNE;94;15
489;DIVONNE-LES-BAINS;1;143
490;ANDRESY;78;15
491;VARENNES-JARCY;91;631
492;TALMONT-SAINT-HILAIRE;85;288
493;CERGY;95;127
494;VITRY-SUR-SEINE;94;81
495;LA PLAGNE TARENTAISE;73;150
496;CARRIERES SUR SEINE;78;124
497;AIX LES BAINS;73;8
498;GAVRAY-SUR-SIENNE;50;197
499;EPIERRE;73;109
500;GUJAN MESTRAS;33;199
501;AMELIE LES BAINS;66;3
502;HOUILLES;78;311
503;HARFLEUR;76;341
504;SEYSSINET-PARISET;38;485
505;SAINT-ANDRE DE LA ROCHE;6;114
506;BLOIS;41;18
507;NOINTEL;95;452
508;FOURNES-EN-WEPPES;59;250
509;LEGE-CAP-FERRET;33;236
510;RUNGIS;94;65
511;PARIS 01;75;101
512;BELLOY-EN-FRANCE;95;56
513;QUINCIEUX;69;163
514;ROSNY-SOUS-BOIS;93;64
515;LA CADIERE D AZUR;83;27
516;GEX;1;173
517;LE PLESSIS-TREVISE;94;59
518;MANDRES-LES-ROSES;94;47
519;SAINT-CLOUD;92;64
520;VILLIERS-SUR-ORGE;91;685
521;LE BEAUSSET;83;16
522;MONTIGNY LES CORMEILLES;95;424
523;DOUAI;59;178
524;LE CHESNAY-ROCQUENCOURT;78;158
525;LIVRY-GARGAN;93;46
526;SAINT-MANDRIER-SUR-MER;83;153
527;MONT-SAXONNEX;74;189
528;GUYANCOURT;78;297
529;SCHOELCHER;972;29
530;PLEUGUENEUC;35;226
531;VESINET (LE);78;650
532;LECCI;;139
533;FREPILLON;95;256
534;CAUDRY;59;139
535;MONTGERON;91;421
536;CHELLES;77;108
537;FONTAINES SUR SAONE;69;88
538;AJACCIO;;4
539;LA RICHE;37;195
540;MESNIL-LE-ROI (LE);78;396
541;SOISY-SUR-SEINE;91;600
542;FONTAINEBLEAU;77;186
543;LE BOURGET;93;13
544;AURAY;56;7
545;SERRIS;77;449
546;MONTATAIRE;60;414
547;SAINT-OUEN-SUR-SEINE;93;70
548;LIEUSAINT;77;251
549;BERGERAC;24;37
550;SAINT-ETIENNE-DE-SAINT-GEOIRS;38;384
551;REBAIS;77;385
552;CHARTRETTES;77;96
553;COUERON;44;47
554;ROQUEVAIRE;13;86
555;LA SEYNE SUR MER;83;126
556;SEIGNOSSE;40;296
557;CREIL;60;175
558;SAVIGNEUX;42;299
559;UZES;30;334
560;DINARD;35;93
561;MAULE;78;380
562;VIGNEUX SUR SEINE;91;657
563;LA VALETTE DU VAR;83;144
564;VILLELAURE;84;147
565;PALAISEAU;91;477
566;DIVES-SUR-MER;14;225
567;SENLIS;60;612
568;DAMMARIE LES LYS;77;152
569;MAS-DE-LONDRES;34;152
570;MEXIMIEUX;1;244
571;JOUY EN JOSAS;78;322
572;BEAUGENCY;45;28
573;SOISSONS;2;722
574;CHERBOURG-EN-COTENTIN;50;129
575;DOLE;39;198
576;ST-PAUL-LES-DAX;40;279
577;CHARLIEU;42;52
578;GRAVIERES;7;100
579;GIEN;45;155
580;GIERES;38;179
581;LOUDEAC;22;136
582;CAPBRETON;40;65
583;CHILLY MAZARIN;91;161
584;LA FERTE SAINT-AUBIN;45;146
585;SAINT ANDRE LES VERGERS;10;333
586;VENDARGUES;34;327
587;PANTIN;93;55
588;BIEVRES;91;64
589;SAINT-HILAIRE-DE-RIEZ;85;226
590;ORSAY;91;471
591;MARSEILLE 3EME;13;203
592;VALRAS-PLAGE;34;324
593;VENDOME;41;269
594;FIRMINY;42;95
595;VAUCRESSON;92;76
596;L'ESCARENE;6;57
597;ALBERTVILLE;73;11
598;PERIGNY;94;56
599;CHENNEVIERES SUR MARNE;94;19
600;PARTHENAY;79;202
601;LA ROQUETTE SUR SIAGNE;6;108
602;CHAMPAGNOLE;39;97
603;GRANVILLE;50;218
604;MORET-LOING-ET-ORVANNE;77;316
605;ANGLET;64;24
606;DRANCY;93;29
607;BOIS D ARCY;78;73
608;CROSNE;91;191
609;NOISY-LE-SEC;93;53
610;SAINT AUBIN DE MEDOC;33;376
611;ABLON-SUR-SEINE;94;1
612;VOIRON;38;563
613;BOUSSY-SAINT-ANTOINE;91;97
614;ELANCOURT;78;208
615;LOCMARIA;56;114
616;MOUY-SUR-SEINE;77;325
617;BOUSSIERES;25;84
618;CLICHY SOUS BOIS;93;14
619;GASTINS;77;201
620;AUTRANS-MEAUDRE EN VERCORS;38;225
621;SAINT-NECTAIRE;63;380
622;BOUZIGUES;34;39
623;FONDETTES;37;109
624;CHAMPS-SUR-MARNE;77;83
625;SAINT-LO;50;502
626;MORANGIS;91;432
627;LESIGNY;77;249
628;PLOUHINEC;56;169
629;MOUANS-SARTOUX;6;84
630;SAINTES;17;415
631;LA TESTE-DE-BUCH;33;529
632;LE TREPORT;76;711
633;CASTELSARRASIN;82;33
634;CALVISSON;30;62
635;L'ILE-SAINT-DENIS;93;39
636;LONGJUMEAU;91;345
637;SAUJON;17;421
638;SAINT-ETIENNE-DE-TINEE;6;120
639;CALUIRE ET CUIRE;69;34
640;VAL DE BRIEY;54;99
641;SAINT-PATHUS;77;430
642;ETRECHY;91;226
643;LONGWY;54;323
644;CASTELGINEST;31;116
645;PARIS 08;75;108
646;LA BAULE-ESCOUBLAC;44;55
647;LA ROCHE SUR FORON;74;224
648;GENILAC;42;225
649;BORNEL;60;88
650;BRETIGNY SUR ORGE;91;103
651;LINAS;91;339
652;SERVOZ;74;266
653;TANINGES;74;276
654;ESSARTS EN BOCAGE;85;84
655;BOLQUERE;66;20
656;SAINT-MALO;35;288
657;CHABEUIL;26;64
658;PESSAC;33;318
659;PRAZ SUR ARLY;74;215
660;BEZIERS;34;32
661;ST VAAST LES MELLO;60;601
662;SUSSARGUES;34;307
663;SAINT-JUST-D'ARDECHE;7;259
664;GUIDEL;56;78
665;LE RAINCY;93;62
666;SAINT-JEAN-DE-MONTS;85;234
667;OFFEMONT;90;75
668;MUREAUX (LES);78;440
669;ORLY;94;54
670;TRIEL SUR SEINE;78;624
671;RIORGES;42;184
672;ST GRATIEN;95;555
673;LURE;70;310
674;LE POULIGUEN;44;135
675;MIONS;69;283
676;RUAUDIN;72;260
677;THIAIS;94;73
678;FORT DE FRANCE;972;9
679;CASE PILOTE;972;5
680;MONTCHANIN;71;310
681;CRAPONNE;69;69
682;MONTESSON;78;418
683;VILLE-D'AVRAY;92;77
684;FITZ JAMES;60;234
685;FORT-MAHON-PLAGE;80;333
686;DARDILLY;69;72
687;NOGENT SUR OISE;60;463
688;PARON;89;287
689;TROIS ILETS;972;31
690;PIERRELAYE;95;488
691;CENON;33;119
692;LA MULATIERE;69;142
693;VILLEFRANCHE-DE-LAURAGAIS;31;582
694;MONTCLAR;4;126
695;CHALETTE-SUR-LOING;45;68
696;SAINT-CLAUDE;39;478
697;BARBATRE;85;11
698;MONTPELLIER;34;172
699;GRANGES NARBOZ;25;293
700;ORRY LA VILLE;60;482
701;BOUTIGNY-SUR-ESSONNE;91;99
702;INGRE;45;169
703;LOUHANS;71;263
704;LYON 7EME;69;387
705;LAMBALLE-ARMOR;22;93
706;LA SOUTERRAINE;23;176
707;SAVIGNY SUR CLAIRIS;89;380
708;ACHICOURT;62;4
709;EZANVILLE;95;229
710;VILLEPINTE;93;78
711;BUCHELAY;78;118
712;DINAN;22;50
713;MONTEREAU FAULT YONNE;77;305
714;PUGET-VILLE;83;100
715;LE TOUQUET PARIS PLAGE;62;826
716;ALBITRECCIA;;8
717;BELLEY;1;34
718;NOYAL-CHATILLON-SUR-SEICHE;35;206
719;VILLENEUVE SUR YONNE;89;464
720;L'ISLE-ADAM;95;313
721;SAINT-PAUL-EN-JAREZ;42;271
722;GROSSETO-PRUGNA;;130
723;BEAUVOIR-SUR-MER;85;18
724;MORAS-EN-VALLOIRE;26;213
725;GARGES-LES-GONESSE;95;268
726;POISSY;78;498
727;NEUILLY-SUR-MARNE;93;50
728;VALDEBLORE;6;153
729;ANNEMASSE;74;12
730;GARCHES;92;33
731;SAINT-MANDE;94;67
732;LA LONDE LES MAURES;83;71
733;GOUSSAINVILLE;95;280
734;LE PRADET;83;98
735;BEAUCHAMP;95;51
736;DARNETAL;76;212
737;ST-PHILBERT-DE-GRAND-LIEU;44;188
738;OLLIOULES;83;90
739;SCEAUX;92;71
740;GALLARDON;28;168
741;LE PRE-SAINT-GERVAIS;93;61
742;ARMENTIERES;59;17
743;SAINT MARTIN;971;27
744;ANGRESSE;40;4
745;FLEURY D AUDE;11;145
746;MOUVAUX;59;421
747;SAINT-JEOIRE-PRIEURE;73;249
748;BEAUMONT-SUR-OISE;95;52
749;BETTON;35;24
750;CESSERAS;34;75
751;DIEUDONNE;60;197
752;CESSON;77;67
753;GRADIGNAN;33;192
754;VERTOU;44;215
755;LA COURNEUVE;93;27
756;LA PENNE SUR HUVEAUNE;13;70
757;BASSE-GOULAINE;44;9
758;RUELLE-SUR-TOUVRE;16;291
759;ARDON;45;6
760;ENGHIEN LES BAINS;95;210
761;SAUMUR;49;328
762;BEAUREGARD;1;30
763;TOURNON-SUR-RHONE;7;324
764;RAMBOUILLET;78;517
765;CUCQ;62;261
766;RIVES-EN-SEINE;76;164
767;VILLABE;91;659
768;MARSEILLE 16EME;13;216
769;CHAMPEAUX;77;82
770;COLLONGES-AU-MONT- D OR;69;63
771;CHAROLLES;71;106
772;MEYZIEU;69;282
773;LA FERTE SOUS JOUARRE;77;183
774;ISOLA;6;73
775;FREJUS;83;61
776;CROIX;59;163
777;GROSLAY;95;288
778;RIVES;38;337
779;MALESTROIT;56;124
780;SASSENAGE;38;474
781;SAINT-BRICE-SOUS-FORET;95;539
782;VILLARD-DE-LANS;38;548
783;CARCASSONNE;11;69
784;GIVORS;69;91
785;SARCELLES;95;585
786;MONTSOULT;95;430
787;TALUYERS;69;241
788;BOURG-DE-PEAGE;26;57
789;VALS-LES-BAINS;7;331
790;MOUGINS;6;85
791;PLAINFAING;88;349
792;TRIGNAC;44;210
793;ANGOULEME;16;15
794;SAINT-CHAMOND;42;207
795;SAINT-JOSEPH;42;242
796;SAINT-MARTIN-VESUBIE;6;127
797;FRESNES;94;34
798;HOURTIN;33;203
799;PORTO-VECCHIO;;247
800;MARIN;972;17
801;SANNOIS;95;582
802;OZOIR LA FERRIERE;77;350
803;LE MALESHERBOIS;45;191
804;SAINT-JEAN-DE-LUZ;64;483
805;BEAUSSAIS-SUR-MER;22;209
806;ROCHE SUR YON (LA);85;191
807;SAINT-GELY-DU-FESC;34;255
808;ROQUEFORT LA BEDOULE;13;85
809;L'HAY-LES-ROSES;94;38
810;BERCK;62;108
811;BEAULIEU SUR MER;6;11
812;GENERAC;30;128
813;TREILLIERES;44;209
814;SOUSTONS;40;310
815;ETANG-LA-VILLE (L );78;224
816;PLOUFRAGAN;22;215
817;LA FERTE BERNARD;72;132
818;ESSEY LES NANCY;54;184
819;SAINT-VRAIN;91;579
820;SAINT-GERMAIN-SUR-AY;50;481
821;LE COUDRAY;28;110
822;BONNEUIL-SUR-MARNE;94;11
823;AUXERRE;89;24
824;LA BALME DE SILLINGY;74;26
825;VILLARS-LES-DOMBES;1;443
826;LE PERREUX-SUR-MARNE;94;58
827;SAINT LAURENT MEDOC;33;424
828;GAILLARD;74;133
829;AIGREFEUILLE SUR MAINE;44;2
830;ARZON;56;5
831;LA TRONCHE;38;516
832;ST GEORGES SUR BAULCHE;89;346
833;LIT ET MIXE;40;157
834;BATZ-SUR-MER;44;10
835;LE PASSAGE;47;201
836;MELESSE;35;173
837;AVRANCHES;50;25
838;GUIGNES;77;222
839;LA TRINITE SUR MER;56;258
840;CARNAC;56;34
841;DRAP;6;54
842;LE HAILLAN;33;200
843;VILLENEUVE-LE-ROI;94;77
844;LYON 6EME;69;386
845;LA BERNERIE EN RETZ;44;12
846;PLEURTUIT;35;228
847;SAINT-JUST-EN-CHEVALET;42;248
848;SAINTRY-SUR-SEINE;91;577
849;LAGNY-SUR-MARNE;77;243
850;SOSPEL;6;136
851;SAINT-PIERRE-DE-CHANDIEU;69;289
852;MONTARGIS;45;208
853;LAMBERSART;59;328
854;VEZIN-LE-COQUET;35;353
855;SAINT QUENTIN;2;691
856;MONTGAILLARD;40;195
857;MOLIETS-ET-MAA;40;187
858;CHEVILLY-LARUE;94;21
859;PEYREHORADE;40;224
860;CONDRIEU;69;64
861;SAINT-GILLES-CROIX-DE-VIE;85;222
862;CERNAY-LA-VILLE;78;128
863;BRUZ;35;47
864;LAGORD;17;200
865;JOUY-LE-MOUTIER;95;323
866;ONDRES;40;209
867;BONNEVILLE;74;42
868;PONTARLIER;25;462
869;PLAN DE CUQUES;13;75
870;IRODOUER;35;135
871;AURIOL;13;7
872;MENNECY;91;386
873;SAINT-MARTIN-DU-VAR;6;126
874;DOULLENS;80;253
875;EGLY;91;207
876;VILLENEUVE LES AVIGNON;30;351
877;MESNIL-SAINT-DENIS (LE);78;397
878;ARES;33;11
879;SAINTINES;60;578
880;ISSOIRE;63;178
881;VINASSAN;11;441
882;MALAKOFF;92;46
883;WAVRIN;59;653
884;COUBRON;93;15
885;BRISSAC LOIRE AUBANCE;49;50
886;LOZANNE;69;121
887;AULNAY SOUS BOIS;93;5
888;GIGEAN;34;113
889;ARGELES SUR MER;66;8
890;EXIREUIL;79;114
891;TRIEUX;54;533
892;SAINT-PERAY;7;281
893;CORBIE;80;212
894;FONTENAY-SAINT-PERE;78;246
895;SEYNE;4;205
896;TASSIN-LA-DEMI-LUNE;69;244
897;ROCHETTE(LA);77;389
898;APT;84;3
899;VAUVERT;30;341
900;LIANCOURT;60;360
901;SEPTMONCEL LES MOLUNES;39;510
902;RUGLES;27;502
903;COMBS LA VILLE;77;122
904;CHAUNY;2;173
905;GRETZ-ARMAINVILLIERS;77;215
906;VARENNES-VAUZELLES;58;303
907;TERNAY;69;297
908;SAINT-FARGEAU-PONTHIERRY;77;407
909;VALLEIRY;74;288
910;JASSANS-RIOTTIER;1;194
911;MONTAIGU-VENDEE;85;146
912;GOLBEY;88;209
913;MAGNY-LES-HAMEAUX;78;356
914;COUDRAY-MONTCEAUX (LE);91;179
915;DRAGUIGNAN;83;50
916;VARREDDES;77;483
917;DECINES-CHARPIEU;69;275
918;COULOMMIERS;77;131
919;NOISIEL;77;337
920;EMBRUN;5;46
921;SAINT-GERMAIN-LES-CORBEIL;91;553
922;CHAZELLES SUR LYON;42;59
923;SEGNY;1;399
924;ARNOUVILLE;95;19
925;THIZY LES BOURGS;69;248
926;VILLERS LE LAC;25;321
927;NEUVILLE-AUX-BOIS;45;224
928;ANNONAY;7;10
929;JARVILLE LA MALGRANGE;54;274
930;CHARMES-SUR-RHONE;7;55
931;CHAMPIGNY-SUR-MARNE;94;17
932;ROQUEBRUNE CAP MARTIN;6;104
933;NOIRMOUTIER-EN-L'ILE;85;163
934;FONTENAY-LE-COMTE;85;92
935;ARNAS;69;13
936;MONTGARDIN;5;84
937;MACHECOUL-SAINT-MEME;44;87
938;ONNION;74;205
939;SOYAUX;16;374
940;CULOZ;1;138
941;SAINTE CROIX DU VERDON;4;176
942;DOUARNENEZ;29;46
943;CLUSES;74;81
944;MARIGNIER;74;164
945;MARSEILLE 14EME;13;214
946;BALMA;31;44
947;DORMANS;51;217
948;BAGNEUX;92;7
949;CHANTEAU;45;72
950;LA FORGE;88;177
951;GANGES;34;111
952;SIX-FOURS-LES-PLAGES;83;129
953;LAUDUN-L ARDOISE;30;141
954;CHALON-SUR-SAONE;71;76
955;FOUG;54;205
956;TOURNUS;71;543
957;HERICOURT;70;285
958;PORT-MARLY (LE);78;502
959;ARBELLARA;;18
960;BARENTIN;76;57
961;AIX NOULETTE;62;19
962;ST-ETIENNE-DE-TULMONT;82;161
963;VILLECRESNES;94;75
964;TOUQUES;14;699
965;VALENCE;26;362
966;SEDAN;8;409
967;SAINT CYR SUR LOIRE;37;214
968;VANDOEUVRE LES NANCY;54;547
969;CARRIERES SOUS POISSY;78;123
970;CONTES;6;48
971;BIARRITZ;64;122
972;PLOEMEUR;56;162
973;VENCE;6;157
974;PONT-L EVEQUE;14;514
975;IMPHY;58;134
976;SAINT AVERTIN;37;208
977;ST-GEOURS-MAREMNE;40;261
978;SAINT MAX;54;482
979;SANGUINET;40;287
980;MANTES-LA-JOLIE;78;361
981;DEUIL LA BARRE;95;197
982;MILHAUD;30;169
983;PIETROSELLA;;228
984;PAIR-ET-GRANDRUPT;88;341
985;DIZY;51;210
986;VERNEUIL SUR SEINE;78;642
987;PROPRIANO;;249
988;LACANAU;33;214
989;FREHEL;22;179
990;PHALEMPIN;59;462
991;FONTENAY LE FLEURY;78;242
992;BURES SUR YVETTE;91;122
993;VILLEPREUX;78;674
994;AIRE-SUR-LA-LYS;62;14
995;LIMOURS;91;338
996;NANGIS;77;327
997;ST MARTIN BOULOGNE;62;758
998;LIMAY;78;335
999;MEZIERES-SUR-SEINE;78;402
1000;BLAIN;44;15
1001;TADEN;22;339
1002;ALIX;69;4
1003;VALMEINIER;73;307
1004;BEZONS;95;63
1005;LA TURBALLE;44;211
1006;VAL CENIS;73;290
1007;CALLIAN;83;29
1008;PRESLES-EN-BRIE;77;377
1009;EZY SUR EURE;27;230
1010;LE LAUZET UBAYE;4;102
1011;AUTUN;71;14
1012;VIRY CHATILLON;91;687
1013;SAINT-DESERT;71;404
1014;SAINTE FOY LES LYON;69;202
1015;ARPAJON;91;21
1016;SAINT-LAURENT-DE-BREVEDENT;76;596
1017;BRIIS-SOUS-FORGES;91;111
1018;BLENDECQUES;62;139
1019;LUXEUIL-LES-BAINS;70;311
1020;SAINT-ARNOULT-EN-YVELINES;78;537
1021;CELLE-SAINT-CLOUD (LA);78;126
1022;COLOMIERS;31;149
1023;CHARLEVILLE-MEZIERES;8;105
1024;RETHEL;8;362
1025;LA TERRASSE;38;503
1026;LIBOURNE;33;243
1027;DUCOS;972;7
1028;SARTENE;;272
1029;MACON;71;270
1030;LA CHAPELLE ST LUC;10;81
1031;LA FARLEDE;83;54
1032;SENS;89;387
1033;BOUFFEMONT;95;91
1034;GRASSE;6;69
1035;FONBEAUZARD;31;186
1036;BALLAN MIRE;37;18
1037;GORCY;54;234
1038;BOUGUENAIS;44;20
1039;ST LEU LA FORET;95;563
1040;VITTEL;88;516
1041;LES CONTAMINES MONTJOIE;74;85
1042;SAINT-LUNAIRE;35;287
1043;GOURNAY SUR MARNE;93;33
1044;SAINT-PIERRE-DU-PERRAY;91;573
1045;VILLERS LES NANCY;54;578
1046;LAMBRES LEZ DOUAI;59;329
1047;BALLANCOURT-SUR-ESSONNE;91;45
1048;CHATELET-EN-BRIE (LE);77;100
1049;ST SULPICE ET CAMEYRAC;33;483
1050;CASTELLANE;4;39
1051;GUERET;23;96
1052;ALLOS;4;6
1053;MALZEVILLE;54;339
1054;BARCELONNETTE;4;19
1055;CORMEILLES-EN-PARISIS;95;176
1056;LA GRAND-CROIX;42;103
1057;ERQUY;22;54
1058;ST FONS;69;199
1059;AY-CHAMPAGNE;51;30
1060;BEAUCOURT;90;9
1061;VILLENOY;77;513
1062;RILLIEUX-LA-PAPE;69;286
1063;TRANCHE-SUR-MER (LA);85;294
1064;RONCQ;59;508
1065;VILLEURBANNE;69;266
1066;CURIS-AU-MONT-D'OR;69;71
1067;MERIEL;95;392
1068;VENTRON;88;500
1069;BRIGNAIS;69;27
1070;CHANTILLY;60;141
1071;POMPONNE;77;372
1072;SAINT-MICHEL-DE-CHAILLOL;5;153
1073;ROCHEJEAN;25;494
1074;NAILLOUX;31;396
1075;BARBIZON;77;22
1076;ARTIGUES-PRES-BORDEAUX;33;13
1077;LE BOUSCAT;33;69
1078;CLARENSAC;30;82
1079;CHANTEPIE;35;55
1080;SAINT BREVIN LES PINS;44;154
1081;VITRE;35;360
1082;PONT A MOUSSON;54;431
1083;MAINVILLIERS;28;229
1084;ENSUES-LA-REDONNE;13;33
1085;CHEMILLE-EN-ANJOU;49;92
1086;ROCHE-LA-MOLIERE;42;189
1087;LA TRINITE;6;149
1088;EVENOS;83;53
1089;AMPUIS;69;7
1090;RIS-ORANGIS;91;521
1091;ECHIROLLES;38;151
1092;CHATEAU-ARNOUX-SAINT-AUBAN;4;49
1093;CHANTRAINE;88;87
1094;QUIBERON;56;186
1095;FONTENAY-LE-VICOMTE;91;244
1096;COLLEGIEN;77;121
1097;VERNOUILLET;78;643
1098;NOISEAU;94;53
1099;GRIGNY;91;286
1100;ROISSY-EN-BRIE;77;390
1101;MAROMME;76;410
1102;EYRAGUES;13;36
1103;LES ULIS;91;692
1104;TRIE CHATEAU;60;644
1105;GRIMAUD;83;68
1106;LOCMIQUELIC;56;118
1107;LA CHAPELLE EN SERVAL;60;142
1108;LA BOUILLADISSE;13;16
1109;HOUDAN;78;310
1110;L ISLE SUR LA SORGUE;84;54
1111;LA FRETTE-SUR-SEINE;95;257
1112;VILLEMOMBLE;93;77
1113;ARGENTEUIL;95;18
1114;FENOUILLET;31;182
1115;THOIRY;78;616
1116;ANNECY;74;10
1117;CHARTRES-DE-BRETAGNE;35;66
1118;JAUSIERS;4;96
1119;ISSOU;78;314
1120;NEAUPHLE-LE-CHATEAU;78;442
1121;CORMEILLES-EN-VEXIN;95;177
1122;CESSY;1;71
1123;NANTEUIL LE HAUDOUIN;60;446
1124;LISLE-SUR-TARN;81;145
1125;ALBERT;80;16
1126;LIMAS;69;115
1127;ROYE;80;685
1128;CASTRES;81;65
1129;LA CRAU;83;47
1130;CREPY EN VALOIS;60;176
1131;LA RICAMARIE;42;183
1132;VENISSIEUX;69;259
1133;NOISY LE ROI;78;455
1134;XONRUPT-LONGEMER;88;531
1135;LA DESTROUSSE;13;31
1136;CHAVAGNE;35;76
1137;DAMMARTIN-EN-GOELE;77;153
1138;NOZAY;91;458
1139;REDON;35;236
1140;TRAINEL;10;382
1141;SOISY-SUR-ECOLE;91;599
1142;REAU;77;384
1143;ORIST;40;211
1144;TREVOU-TREGUIGNEC;22;379
1145;ARGIUSTA-MORICCIO;;21
1146;BOEN-SUR-LIGNON;42;19
1147;BESSINES-SUR-GARTEMPE;87;14
1148;GENEVRAYE (LA);77;202
1149;ST MAXIMIN;60;589
1150;BIOT;6;18
1151;TOURY;28;391
1152;LOOS;59;360
1153;VARS;5;177
1154;YVETOT;76;758
1155;TOURCOING;59;599
1156;SERRA-DI-FERRO;;276
1157;BAREGES;65;481
1158;DOMAGNE;35;96
1159;TRELAZE;49;353
1160;SAINTE-SIGOLENE;43;224
1161;DOMENE;38;150
1162;ALLAUCH;13;2
1163;CAISSARGUES;30;60
1164;CREON;33;140
1165;TOURNEFEUILLE;31;557
1166;PAILLET;33;311
1167;MARSEILLE 11EME;13;211
1168;TREGUIER;22;362
1169;TRELISSAC;24;557
1170;ORNANS;25;434
1171;NEMOURS;77;333
1172;SAINT-NICOLAS;62;764
1173;ST JACQUES DE LA LANDE;35;281
1174;MORDELLES;35;196
1175;CHAMBRAY LES TOURS;37;50
1176;DOURDAN;91;200
1177;OSNY;95;476
1178;ST LEU D ESSERENT;60;584
1179;ARGELES-GAZOST;65;25
1180;ORMOY-LA-RIVIERE;91;469
1181;MENDE;48;95
1182;LE PONTET;84;92
1183;GUILHERAND-GRANGES;7;102
1184;SAINT-CYPRIEN;66;171
1185;BAR SUR AUBE;10;33
1186;SAINT GEORGES DE RENEINS;69;206
1187;SAINT-CAST-LE-GUILDO;22;282
1188;EZE;6;59
1189;PERIGNY;17;274
1190;CAYENNE;973;2
1191;SARLAT-LA-CANEDA;24;520
1192;ARQUES-LA-BATAILLE;76;26
1193;GERARDMER;88;196
1194;BAILLARGUES;34;22
1195;LAGNIEU;1;202
1196;CHAUVIGNY;86;70
1197;LAILLY EN VAL;45;179
1198;BOUILLARGUES;30;47
1199;NEULISE;42;156
1200;MAULETTE;78;381
1201;MEGEVE;74;173
1202;LE LAMENTIN;972;13
1203;LES GETS;74;134
1204;SAINT-MARTIN-DE-BROMES;4;189
1205;SAINT PIERRE;974;16
1206;SAINT-LEU;974;13
1207;PRIVAS;7;186
1208;ST CLEMENT;89;338
1209;VEYRIER-DU-LAC;74;299
1210;LABEGUDE;7;116
1211;GRUCHET-LE-VALASSE;76;329
1212;LONGPONT-SUR-ORGE;91;347
1213;MONTBOUCHER-SUR-JABRON;26;191
1214;COURDIMANCHE;95;183
1215;SOISY SS MONTMORENCY;95;598
1216;GARONS;30;125
1217;PARMAIN;95;480
1218;SAINT-NAZAIRE;30;288
1219;SAINT-PRIX;95;574
1220;PORNIC;44;131
1221;ARLES;13;4
1222;SAINT-NAZAIRE-LES-EYMES;38;431
1223;MARSILLARGUES;34;151
1224;VILLENEUVE-LA-GARENNE;92;78
1225;SAINT-PIERRE-EN-PORT;76;637
1226;TOURGEVILLE;14;701
1227;VERT LE PETIT;91;649
1228;BRON;69;29
1229;CUERS;83;49
1230;PERNES LES FONTAINES;84;88
1231;SAINT-FUSCIEN;80;702
1232;NEYDENS;74;201
1233;MARCY-L ETOILE;69;127
1234;MONTFERMEIL;93;47
1235;MEREVILLE;54;364
1236;CHEVREUSE;78;160
1237;CHANTELOUP EN BRIE;77;85
1238;VILLENEUVE SUR LOT;47;323
1239;PEGOMAS;6;90
1240;VALENCIENNES;59;606
1241;BENERVILLE-SUR-MER;14;59
1242;MAFFLIERS;95;353
1243;BAILLEUL;59;43
1244;CANET EN ROUSSILLON;66;37
1245;LA FERE;2;304
1246;POUSSAN;34;213
1247;ORMES-SUR-VOULZIE (LES);77;347
1248;ELNE;66;65
1249;PLENEUF-VAL-ANDRE;22;186
1250;DEMI-QUARTIER;74;99
1251;SAINT-BARTHELEMY-D ANJOU;49;267
1252;VICO;;348
1253;SABLE SUR SARTHE;72;264
1254;NOAILLES;60;462
1255;MESQUER;44;97
1256;ST JEAN D'ANGELY;17;347
1257;LE PALAIS;56;152
1258;MARMANDE;47;157
1259;PASSY;74;208
1260;CHATEAU THIERRY;2;168
1261;LIGNOL;56;110
1262;CHANTONNAY;85;51
1263;LISSES;91;340
1264;MAGNY-EN-VEXIN;95;355
1265;SAULX-LES-CHARTREUX;91;587
1266;LA GUERCHE-DE-BRETAGNE;35;125
1267;BEAUMONT DE LOMAGNE;82;13
1268;BALLAINVILLIERS;91;44
1269;ESBLY;77;171
1270;EU;76;255
1271;VILLARS-SUR-VAR;6;158
1272;FLEURY LES AUBRAIS;45;147
1273;NOGENT LE ROTROU;28;280
1274;MOUSSEAUX-LES-BRAY;77;321
1275;NOIDANS-LES-VESOUL;70;388
1276;SAINT JUERY;81;257
1277;JOUARS-PONTCHARTRAIN;78;321
1278;CAYEUX-SUR-MER;80;182
1279;UVERNET-FOURS;4;226
1280;GREOUX-LES-BAINS;4;94
1281;OYONNAX;1;283
1282;LONGUEAU;80;489
1283;GRISY-SUISNES;77;217
1284;FOURCHAMBAULT;58;117
1285;VAIRES SUR MARNE;77;479
1286;MERY-SUR-OISE;95;394
1287;PIERREFITTE-SUR-SEINE;93;59
1288;MAREIL-MARLY;78;367
1289;MONTBRISON;42;147
1290;LE CHAMBON-FEUGEROLLES;42;44
1291;NIORT;79;191
1292;EPINAY-SOUS-SENART;91;215
1293;LUDON MEDOC;33;256
1294;INZINZAC-LOCHRIST;56;90
1295;JACOU;34;120
1296;FROGES;38;175
1297;AGEN;47;1
1298;CAMBRAI;59;122
1299;BLAGNAC;31;69
1300;SAULT-BRENAZ;1;396
1301;LE CROISIC;44;49
1302;MARGENCY;95;369
1303;LIGNE;44;82
1304;GOUVIEUX;60;282
1305;SATHONAY-CAMP;69;292
1306;BOUTENAC;11;48
1307;MARGUERITTES;30;156
1308;LANGON;33;227
1309;SAINT OMER;62;765
1310;MAMIROLLE;25;364
1311;MURS-ERIGNE;49;223
1312;JOUGNE;25;318
1313;BEAUCAIRE;30;32
1314;PARIGNE L EVEQUE;72;231
1315;HANCHES;28;191
1316;LE TEICH;33;527
1317;PEROLS;34;198
1318;BOURESSE;86;34
1319;SAINT-REMY-DE-PROVENCE;13;100
1320;ARBOIS;39;13
1321;LANQUETOT;76;382
1322;BESSE-ET-SAINT-ANASTAISE;63;38
1323;SAINT-PIERRE-DES-CORPS;37;233
1324;LE GRAND BORNAND;74;136
1325;CHATELGUYON;63;103
1326;SAINT RAPHAEL;83;118
1327;AUBERGENVILLE;78;29
1328;LAROQUE;34;128
1329;EYSINES;33;162
1330;LE THILLAY;95;612
1331;GALLUIS;78;262
1332;QUINCY-VOISINS;77;382
1333;CALAIS;62;193
1334;DARNIEULLES;88;126
1335;AYTRE;17;28
1336;LE REVEST LES EAUX;83;103
1337;SAINT-PRIEST-EN-JAREZ;42;275
1338;MAGNY-LE-HONGRE;77;268
1339;SOMMIERES;30;321
1340;BREAL-SOUS-MONTFORT;35;37
1341;BESNE;44;13
1342;PALNECA;;200
1343;AIRE-SUR-L'ADOUR;40;1
1344;BAIN-DE-BRETAGNE;35;12
1345;BAILLY-ROMAINVILLIERS;77;18
1346;CHASSIEU;69;271
1347;SAINT-PRIEST;69;290
1348;MONTELIMAR;26;198
1349;SALLES;33;498
1350;FLEURINES;60;238
1351;LES PONTS DE CE;49;246
1352;AMBERIEU-EN-BUGEY;1;4
1353;SAULNES;54;493
1354;ST-MARTIN-DE-SEIGNANX;40;273
1355;SAINT-MARCELLIN;38;416
1356;CESSON-SEVIGNE;35;51
1357;SAINT-HILAIRE-SAINT-MESMIN;45;282
1358;SORGUES;84;129
1359;MAUBEUGE;59;392
1360;PONTIVY;56;178
1361;FROUARD;54;215
1362;L UNION;31;561
1363;MIMIZAN;40;184
1364;BARNEVILLE-CARTERET;50;31
1365;LOURDES;65;286
1366;VEAUCHE;42;323
1367;PAIMPOL;22;162
1368;PORT-LOUIS;56;181
1369;CORBREUSE;91;175
1370;SAINT ANDRE DE VALBORGNE;30;231
1371;SAINT-JEAN-DE-MOIRANS;38;400
1372;SAINT-GEORGES-DE-DIDONNE;17;333
1373;ROINVILLE-SOUS-DOURDAN;91;525
1374;HAUCOURT-MOULAINE;54;254
1375;VERNEUIL EN HALATTE;60;670
1376;LABEGE;31;254
1377;VAUJANY;38;527
1378;PLANCOET;22;172
1379;MORLAIX;29;151
1380;THEOULE-SUR-MER;6;138
1381;WATTIGNIES;59;648
1382;CLAIROIX;60;156
1383;BIAS;40;43
1384;DREMIL LAFAGE;31;163
1385;BARRE-DE-MONTS (LA);85;12
1386;VERBERIE;60;667
1387;SAMOENS;74;258
1388;ENNETIERES-EN-WEPPES;59;196
1389;SAINT JEAN D ILLAC;33;422
1390;VAL-D ISERE;73;304
1391;IRIGNY;69;100
1392;VILLENNES-SUR-SEINE;78;672
1393;CERET;66;49
1394;JOUY-SUR-MORIN;77;240
1395;MORIERES LES AVIGNON;84;81
1396;ALLONNES;72;3
1397;LARAGNE-MONTEGLIN;5;70
1398;CAPAVENIR VOSGES;88;465
1399;KOUROU;973;4
1400;COUZON-AU-MONT-D OR;69;68
1401;LANESTER;56;98
1402;BETHISY ST MARTIN;60;67
1403;SAINT DENIS;974;11
1404;FAUCON-DE-BARCELONNETTE;4;86
1405;MANIGOD;74;160
1406;SAINT-LEGER-EN-YVELINES;78;562
1407;HAUTS DE BIENNE;39;368
1408;DOUSSARD;74;104
1409;MONTROND-LES-BAINS;42;149
1410;MOON-SUR-ELLE;50;356
1411;DIAMANT;972;6
1412;SARROLA-CARCOPINO;;271
1413;QUIMPERLE;29;233
1414;GOUVILLE-SUR-MER;50;215
1415;MORTEAU;25;411
1416;ST-GERMAIN-DE-JOUX;1;357
1417;GLEIZE;69;92
1418;CORBAS;69;273
1419;FLEURIEU-SUR-SAONE;69;85
1420;SAINT-MICHEL-CHEF-CHEF;44;182
1421;GUILLAUMES;6;71
1422;HAIE-FOUASSIERE (LA);44;70
1423;SACLAS;91;533
1424;THOIRY;1;419
1425;PORT-SAINTE-FOY-ET-PONCHAPT;24;335
1426;CARIGNAN;8;90
1427;TERRASSON LAVILLEDIEU;24;547
1428;VAUREAL;95;637
1429;GIVET;8;190
1430;MONTECH;82;125
1431;LA BRESSE;88;75
1432;LOGNES;77;258
1433;REVEL;31;451
1434;MISSILLAC;44;98
1435;SAINT CLEMENT DE RIVIERE;34;247
1436;SAINT-WITZ;95;580
1437;SAINT-BONNET-LE-CHATEAU;42;204
1438;COUILLY-PONT-AUX-DAMES;77;128
1439;WISSANT;62;899
1440;COUPVRAY;77;132
1441;FAVERGES-SEYTHENEX;74;123
1442;VOISINS-LE-BRETONNEUX;78;688
1443;BEYNES;78;62
1444;SELONNET;4;203
1445;PEXIORA;11;281
1446;CASTELNAUDARY;11;76
1447;CHATELAUDREN-PLOUAGAT;22;206
1448;LES HOPITAUX NEUFS;25;307
1449;BAILLET-EN-FRANCE;95;42
1450;DAMAS-ET-BETTEGNEY;88;122
1451;FOSSES;95;250
1452;MONTRICHARD VAL DE CHER;41;151
1453;VIZILLE;38;562
1454;LEOGNAN;33;238
1455;CARQUEFOU;44;26
1456;SAINT-EGREVE;38;382
1457;SAINT-GALMIER;42;222
1458;MOULIS-EN-MEDOC;33;297
1459;MORILLON;74;190
1460;LE COTEAU;42;71
1461;SEQUEDIN;59;566
1462;PLOUHA;22;222
1463;LE PIN;77;363
1464;CITRY;77;117
1465;VILLERS-COTTERETS;2;810
1466;L ARBRESLE;69;10
1467;CROUY-SUR-OURCQ;77;148
1468;BRINDAS;69;28
1469;MARCILLY-D AZERGUES;69;125
1470;REMIRE MONTJOLY;973;9
1471;LA CHAPELLE BOUEXIC;35;57
1472;DORTAN;1;148
1473;SAINT-JEAN-CAP-FERRAT;6;121
1474;VALLORCINE;74;290
1475;CANCALE;35;49
1476;ORNEX;1;281
1477;LES ALLUES;73;15
1478;LAMURE SUR AZERGUES;69;107
1479;SAINT MARTIN AUX BUNEAUX;76;613
1480;LIFFRE;35;152
1481;ENTRECASTEAUX;83;51
1482;MACHAULT;77;266
1483;ST ORENS DE GAMEVILLE;31;506
1484;MILLY-LA-FORET;91;405
1485;CHARENTAY;69;45
1486;CANTELEU;76;157
1487;LOUVRES;95;351
1488;SAINT-ROMAIN-DE-COLBOSC;76;647
1489;FECAMP;76;259
1490;CASTRIES;34;58
1491;PEILLE;6;91
1492;ROMORANTIN-LANTHENAY;41;194
1493;LUCON;85;128
1494;PIERRE-LA-TREICHE;54;426
1495;QUEND;80;649
1496;FRIVILLE-ESCARBOTIN;80;368
1497;CONCARNEAU;29;39
1498;CREST;26;108
1499;GOVEN;35;123
1500;LAXOU;54;304
1501;TREBES;11;397
1502;MORSANG-SUR-ORGE;91;434
1503;USTOU;9;322
1504;VERNOUILLET;28;404
1505;LANTA;31;271
1506;BELZ;56;13
1507;FORCALQUIER;4;88
1508;PERDREAUVILLE;78;484
1509;ESSARTS-LE-ROI (LES);78;220
1510;MONTOIR-DE-BRETAGNE;44;103
1511;FRENEUSE;78;255
1512;VALLON PONT D'ARC;7;330
1513;MARQUISE;62;560
1514;LA-VOULTE-SUR-RHONE;7;349
1515;BEDOIN;84;17
1516;CALCATOGGIO;;48
1517;SAINTE-MARIE-LA-MER;66;182
1518;SAINT DIE DES VOSGES;88;413
1519;MONTEUX;84;80
1520;LAVAL;53;130
1521;SAINT-PIERRE-QUIBERON;56;234
1522;PONTCHARRA;38;314
1523;VINAY;38;559
1524;NANTEUIL-LES-MEAUX;77;330
1525;FERRIERES-EN-BRIE;77;181
1526;MAXEVILLE;54;357
1527;JARD-SUR-MER;85;114
1528;REMIREMONT;88;383
1529;SARRAS;7;308
1530;NORT SUR ERDRE;44;110
1531;CAILLOUX-SUR-FONTAINES;69;33
1532;WATTRELOS;59;650
1533;EPERNON;28;140
1534;VAUCLIN;972;32
1535;SAMPANS;39;501
1536;SAINTE LUCE;972;27
1537;EVREUX;27;229
1538;MITRY MORY;77;294
1539;BENNECOURT;78;57
1540;PACY-SUR-EURE;27;448
1541;BETHUNE;62;119
1542;SAINT-ETIENNE-DU-BOIS;1;350
1543;SAINT LAURENT D'AGNY;69;219
1544;CHARS;95;142
1545;VILLEMOISSON-S-ORGE;91;667
1546;JOEUF;54;280
1547;TONNEINS;47;310
1548;GRANDPARIGNY;50;391
1549;SAINT-AUBIN-D AUBIGNE;35;251
1550;LOCHES;37;132
1551;CHAMPAGNE-AU-MONT-D OR;69;40
1552;VAULX EN VELIN;69;256
1553;LE RHEU;35;240
1554;BRIGNOLES;83;23
1555;SAINTE-LUCE-SUR-LOIRE;44;172
1556;CAURO;;85
1557;BERNIS;30;36
1558;NANTEUIL LA FOSSE;2;537
1559;PIANOTTOLI-CALDARELLO;;215
1560;SAINT GERVAIS;33;415
1561;LA TURBIE;6;150
1562;VILLARS;42;330
1563;MOUZEIL;44;107
1564;FARGUES SAINT HILAIRE;33;165
1565;GENISSAC;33;185
1566;LANCIEUX;22;94
1567;THORIGNY SUR MARNE;77;464
1568;BUSSANG;88;81
1569;MARLY;59;383
1570;ALLENNES-LES-MARAIS;59;5
1571;MOLIERES-SUR-CEZE;30;171
1572;QUINCY-SOUS-SENART;91;514
1573;LANGUEUX;22;106
1574;CRECY LA CHAPELLE;77;142
1575;GESTEL;56;63
1576;SERIGNAN;34;299
1577;ORANGE;84;87
1578;FLEURIEUX-SUR-L ARBRESLE;69;86
1579;MARY-SUR-MARNE;77;280
1580;COURMELLES;2;226
1581;LA ROCHE POSAY;86;207
1582;VOLX;4;245
1583;VERRIERES LE BUISSON;91;645
1584;ELEU-DIT-LEAUWETTE;62;291
1585;CHAMPIGNEULLES;54;115
1586;PORTES;30;203
1587;SAORGE;6;132
1588;DONZERE;26;116
1589;MEYRUEIS;48;96
1590;GUICHEN;35;126
1591;JARNY;54;273
1592;TRESSES;33;535
1593;CHARQUEMONT;25;127
1594;SAINT-MEMMIE;51;506
1595;LA FOUILLOUSE;42;97
1596;SAINT-ROMAIN-LE-PUY;42;285
1597;NOTRE-DAME-D OE;37;172
1598;SOLLIES-TOUCAS;83;131
1599;PEIPIN;4;145
1600;MONTMAGNY;95;427
1601;LEVENS;6;75
1602;PIERREFEU-DU-VAR;83;91
1603;LAMORLAYE;60;346
1604;SAINT-JUST-SAINT-RAMBERT;42;279
1605;BOLLENE;84;19
1606;GARGENVILLE;78;267
1607;CHATELAILLON-PLAGE;17;94
1608;BELLIGNAT;1;31
1609;CERNY;91;129
1610;SAINT-DENIS-EN-BUGEY;1;345
1611;SALON-DE-PROVENCE;13;103
1612;SOLERS;77;457
1613;AUCAMVILLE;31;22
1614;LA RAVOIRE;73;213
1615;LE POIZAT-LALLEYRIAT;1;204
1616;DOL DE BRETAGNE;35;95
1617;SAVERDUN;9;282
1618;PRECIEUX;42;180
1619;LARGNY SUR AUTOMNE;2;410
1620;LAYRAC;47;145
1621;BEDARIEUX;34;28
1622;VALLOUISE-PELVOUX;5;101
1623;BENDEJUN;6;14
1624;SAINT JOSEPH;972;24
1625;CHATELLERAULT;86;66
1626;MIGNALOUX-BEAUVOIR;86;157
1627;STE GEMMES SUR LOIRE;49;278
1628;FONTANIL-CORNILLON;38;170
1629;SAINT-ETIENNE-DE-MONTLUC;44;158
1630;TARBES;65;440
1631;SARRIANS;84;122
1632;ROCHEFORT-DU-GARD;30;217
1633;BALBIGNY;42;11
1634;MIRAMAS;13;63
1635;IGNY;91;312
1636;LA GRANDE MOTTE;34;344
1637;BROU-SUR-CHANTEREINE;77;55
1638;BAULNE;91;47
1639;BRUYERES-LE-CHATEL;91;115
1640;ARCUEIL;94;3
1641;CHATEAUDUN;28;88
1642;BARBY;73;30
1643;PARAY-VIEILLE-POSTE;91;479
1644;BELLEVILLE-EN-BEAUJOLAIS;69;19
1645;ENNERY;95;211
1646;TULLINS;38;517
1647;ANSE;69;9
1648;HAGETMAU;40;119
1649;PREVESSIN-MOENS;1;313
1650;RIBECOURT DRESLINCOURT;60;537
1651;RUMILLY;74;225
1652;L'ARGENTIERE-LA-BESSEE;5;6
1653;VERN-SUR-SEICHE;35;352
1654;CASTELNAU LE LEZ;34;57
1655;CHALONVILLARS;70;117
1656;PERSAN;95;487
1657;CAPVERN;65;127
1658;MARTIGNAS SUR JALLE;33;273
1659;CREGY-LES-MEAUX;77;143
1660;MAUGUIO;34;154
1661;CANEJAN;33;90
1662;FELINES;7;89
1663;LEON;40;150
1664;STE ADRESSE;76;552
1665;AVILLY ST LEONARD;60;33
1666;FAUTE-SUR-MER (LA);85;307
1667;BRENOD;1;60
1668;SAINT-GERMAIN-LES-ARPAJON;91;552
1669;LA NORVILLE;91;457
1670;PAU;64;445
1671;SAINT-SAUVEUR;5;156
1672;MONTBETON;82;124
1673;PELUSSIN;42;168
1674;ROQUEBRUNE-SUR-ARGENS;83;107
1675;ORMOY;91;468
1676;FAYENCE;83;55
1677;PREIGNAC;33;337
1678;LONS LE SAUNIER;39;300
1679;PALAVAS-LES-FLOTS;34;192
1680;COLOMARS;6;46
1681;ERDEVEN;56;54
1682;BOULOGNE SUR MER;62;160
1683;NOYON;60;471
1684;PERTUIS;84;89
1685;CASTELNAU-DE-MEDOC;33;104
1686;LE CRES;34;90
1687;TUCQUEGNIEUX;54;536
1688;MIRABEL-AUX-BARONNIES;26;182
1689;MAREIL-LE-GUYON;78;366
1690;SEAUVE-SUR-SEMENE (LA);43;236
1691;PONT-PEAN;35;363
1692;SAINT-FLORENT-SUR-CHER;18;207
1693;MORIGNY-CHAMPIGNY;91;433
1694;DECIZE;58;95
1695;FERTE-ALAIS (LA);91;232
1696;MONT SAINT MARTIN;54;382
1697;HAZEBROUCK;59;295
1698;SAINT-SAUVEUR;70;473
1699;SAINT-JEAN-LE-VIEUX;1;363
1700;PULNOY;54;439
1701;LE PONT-DE-CLAIX;38;317
1702;VILLIERS-LE-BEL;95;680
1703;LA TALAUDIERE;42;305
1704;CARNOULES;83;33
1705;SAINT-DIDIER-SUR-BEAUJEU;69;196
1706;CHANGE;53;54
1707;LONGUENESSE;62;525
1708;CHAMBERY;73;65
1709;LESQUIN;59;343
1710;L'ISLE D'ESPAGNAC;16;166
1711;CHARLY;69;46
1712;CHATEAUGIRON;35;69
1713;VAL DE LOUYRE ET CAUDEAU;24;362
1714;MONTAUBAN-DE-BRETAGNE;35;184
1715;POYANNE;40;235
1716;ST-MARTIN-DE-HINX;40;272
1717;AIGUES-VIVES;30;4
1718;SAINT-RAMBERT-D ALBON;26;325
1719;SAINT TROPEZ;83;119
1720;CHAVANAY;42;56
1721;SAINT-REMY-LES-CHEVREUSE;78;575
1722;BEDARRIDES;84;16
1723;WASQUEHAL;59;646
1724;VILLETANEUSE;93;79
1725;SAINT-PERE-EN-RETZ;44;187
1726;LE BONO;56;262
1727;TOUL;54;528
1728;FEURS;42;94
1729;CHAMPAGNE SUR-OISE;95;134
1730;SANTENY;94;70
1731;PIERRELATTE;26;235
1732;VILLE-DU-BOIS (LA);91;665
1733;ETEL;56;55
1734;COGOLIN;83;42
1735;GUINGAMP;22;70
1736;LANNOY;59;332
1737;BOUAFLE;78;90
1738;LE TAILLAN MEDOC;33;519
1739;EPINAY SUR ORGE;91;216
1740;ALLEVARD;38;6
1741;CASTELJALOUX;47;52
1742;SAINT-GREGOIRE;35;278
1743;LANGOGNE;48;80
1744;SEMOY;45;308
1745;MABLY;42;127
1746;LA REOLE;33;352
1747;SORBIERS;42;302
1748;VESANCY;1;436
1749;TENDE;6;163
1750;GREASQUE;13;46
1751;BOULAZAC ISLE MANOIRE;24;53
1752;PERREUX;42;170
1753;BALARUC LE VIEUX;34;24
1754;APPIETTO;;17
1755;FRAISSES;42;99
1756;SOTTA;;288
1757;MESNULS (LES);78;398
1758;SAINT-NOM-LA-BRETECHE;78;571
1759;FOIX;9;122
1760;CORNIER;74;90
1761;MAROLLES;41;128
1762;PLATEAU D'HAUTEVILLE;1;185
1763;NANTUA;1;269
1764;LUZARCHES;95;352
1765;MANOSQUE;4;112
1766;VACQUEYRAS;84;136
1767;SAINTE MARIE;974;18
1768;BOISSY-L'AILLERIE;95;78
1769;BEAULIEU;34;27
1770;SAINT-PAUL-TROIS-CHATEAUX;26;324
1771;AGON-COUTAINVILLE;50;3
1772;LE CREUSOT;71;153
1773;BOIS-D AMONT;39;59
1774;VILLENEUVE-LES-MAGUELONE;34;337
1775;CRETS EN BELLEDONNE;38;439
1776;BELGENTIER;83;17
1777;SOLLIES-VILLE;83;132
1778;MOISSY-CRAMAYEL;77;296
1779;SAINT-PAUL-DE-VENCE;6;128
1780;BOURG-DES-COMPTES;35;33
1781;VILLENEUVE SOUS DAMMARTIN;77;511
1782;GOMETZ-LA-VILLE;91;274
1783;ST LOUIS DE MONTFERRAND;33;434
1784;ST MAIXENT L ECOLE;79;270
1785;CORRENCON-EN-VERCORS;38;129
1786;LATRESNE;33;234
1787;LA BRIGUE;6;162
1788;VIC SUR AISNE;2;795
1789;LIMONEST;69;116
1790;PUSSAY;91;511
1791;LORETTE;42;123
1792;MERS-LES-BAINS;80;533
1793;VILLEMUR SUR TARN;31;584
1794;BOIS LE ROI;77;37
1795;PITHIVIERS;45;252
1796;FONT-ROMEU ODEILLO-VIA;66;124
1797;SAINT-ISMIER;38;397
1798;CAUSSADE;82;37
1799;VILLEBON SUR YVETTE;91;661
1800;SAINT-QUAY-PORTRIEUX;22;325
1801;CHAUMONT-EN-VEXIN;60;143
1802;TULETTE;26;357
1803;NOGENT;52;353
1804;SAINT-LAURENT;8;385
1805;AVELIN;59;34
1806;CHESSY;77;111
1807;LA CHAPELLE DES FOUGERETZ;35;59
1808;L ETRAT;42;92
1809;LORMAYE;28;213
1810;ESQUIEZE-SERE;65;168
1811;PRADES-LE-LEZ;34;217
1812;SAINT-PAL-DE-MONS;43;213
1813;LANAS;7;131
1814;SURVILLIERS;95;604
1815;RIOZ;70;447
1816;CONTREXEVILLE;88;114
1817;MESCHERS-SUR-GIRONDE;17;230
1818;WILLEMS;59;660
1819;ST FRAIMBAULT DE PRIERES;53;216
1820;PRINGY;77;378
1821;CAHORS;46;42
1822;ROQUEBILLIERE;6;103
1823;MORTCERF;77;318
1824;ROZAY-EN-BRIE;77;393
1825;LE BARP;33;29
1826;JONQUIERES;84;56
1827;SAINT-JEAN-BONNEFONDS;42;237
1828;ROCHE LEZ BEAUPRE;25;495
1829;OTA;;198
1830;VERNON;27;681
1831;CHATEAUROUX;36;44
1832;REHON;54;451
1833;AULT;80;39
1834;GAILLON;27;275
1835;LARDY;91;330
1836;DONVILLE-LES-BAINS;50;165
1837;SAINT-FORGEUX;69;200
1838;SEILLANS;83;124
1839;SAINT GENEST LERPT;42;223
1840;OLLAINVILLE;91;461
1841;PONTSAINTE MARIE;10;297
1842;SAINT-SORNIN-LAVOLPS;19;243
1843;DEYVILLERS;88;132
1844;PIROU;50;403
1845;PREMANON;39;441
1846;CLAVETTE;17;109
1847;AUDENGE;33;19
1848;VILLEVAUDE;77;517
1849;SOLEYMIEUX;42;301
1850;ORVAULT;44;114
1851;LANDIVISIAU;29;105
1852;SAINT-PIERRE-LES-NEMOURS;77;431
1853;SAINT-PRYVE-SAINT-MESMIN;45;298
1854;COULANGES LES NEVERS;58;88
1855;LE PLESSIS PATE;91;494
1856;BRIANCON;5;23
1857;BARJOLS;83;12
1858;LA CHAPELLE-EN-VALGAUDEMAR;5;64
1859;JUVIGNAC;34;123
1860;LES HOUCHES;74;143
1861;BONNIERES-SUR-SEINE;78;89
1862;SAINT-GEORGES-SUR-LOIRE;49;283
1863;SAINT-MARTIN-DE-RE;17;369
1864;BOUCHEMAINE;49;35
1865;THIVERNY;60;635
1866;USTARITZ;64;547
1867;MONTBAZIN;34;165
1868;ACIGNE;35;1
1869;PEYPIN;13;73
1870;YVRAC;33;554
1871;GILETTE;6;66
1872;LA PLAINE-SUR-MER;44;126
1873;THIERS;63;430
1874;RUOMS;7;201
1875;NOYERS-SUR-JABRON;4;139
1876;CHEFFES;49;90
1877;VALDAHON;25;578
1878;MEHARICOURT;80;524
1879;SAINT-AMAND-MONTROND;18;197
1880;BUEIL;27;119
1881;VEMARS;95;641
1882;SAINT-LEGER-DU-BOURG-DENIS;76;599
1883;SAINT-ANDRE;59;527
1884;SAINTE-CECILE-LES-VIGNES;84;106
1885;SAINT-ROMAIN-AU-MONT-D OR;69;233
1886;CASTILLON-LA-BATAILLE;33;108
1887;ROCHETAILLEE-SUR-SAONE;69;168
1888;SAINT-PAUL;974;15
1889;SULLY-SUR-LOIRE;45;315
1890;BARBEZIEUX SAINT HILAIRE;16;28
1891;BELVEDERE-CAMPOMORO;;35
1892;CHIGNY-LES-ROSES;51;152
1893;SAINT-SERIES;34;288
1894;NOUVOITOU;35;204
1895;LES ANGLES;30;11
1896;SAMOIS SUR SEINE;77;441
1897;SAUVETERRE-DE-GUYENNE;33;506
1898;SAINT-BRIAC-SUR-MER;35;256
1899;CAMON;80;164
1900;VILLEREAL;47;324
1901;MEYNES;30;166
1902;PIRIAC-SUR-MER;44;125
1903;PIERRE BENITE;69;152
1904;ROCHEFORT;17;299
1905;AUBIGNY-SUR-NERE;18;15
1906;ECHENEVEX;1;153
1907;LELEX;1;210
1908;MONTIGNY-SUR-LOING;77;312
1909;SEPTEUIL;78;591
1910;LIMETZ-VILLEZ;78;337
1911;CHARBONNIERES-LES-BAINS;69;44
1912;MONT LOZERE ET GOULET;48;27
1913;CORMONTREUIL;51;172
1914;HAUBOURDIN;59;286
1915;AMBARES-ET-LAGRAVE;33;3
1916;PELLERIN (LE);44;120
1917;SAINT BRICE COURCELLES;51;474
1918;FARNAY;42;93
1919;NOGENT-LE-ROI;28;279
1920;SAINTE PAZANNE;44;186
1921;LONGCHAMP;88;273
1922;SAINT-MACAIRE;33;435
1923;FORGES-LES-EAUX;76;276
1924;BASSEVELLE;77;24
1925;SAINT-MARTIN-DES-CHAMPS;29;254
1926;TRILPORT;77;475
1927;DAMPMART;77;155
1928;NOYEN SUR SARTHE;72;223
1929;LEVIGNEN;60;358
1930;PUSEY;70;428
1931;ROUEN;76;540
1932;BOIS GUILLAUME;76;108
1933;VILLERON;95;675
1934;ORCIERES;5;96
1935;VALDAMPIERRE;60;652
1936;LE CHAMBON SUR LIGNON;43;51
1937;LONGLAVILLE;54;321
1938;PIERRERUE;4;151
1939;ST-VINCENT-DE-PAUL;40;283
1940;ECROUVES;54;174
1941;ABRIES-RISTOLAS;5;1
1942;ROUFFIAC TOLOSAN;31;462
1943;QUEUE-LES-YVELINES (LA);78;513
1944;JANZE;35;136
1945;DIEULEFIT;26;114
1946;BLAYE;33;58
1947;DOZULE;14;229
1948;L ESCALE;4;79
1949;BIVIERS;38;45
1950;LAFOX;47;128
1951;MAISDON-SUR-SEVRE;44;88
1952;ANZIN-SAINT-AUBIN;62;37
1953;SAINT-ETIENNE-DU-ROUVRAY;76;575
1954;GAP;5;61
1955;PLUVIGNER;56;177
1956;TIGERY;91;617
1957;LONGUYON;54;322
1958;SAIN-BEL;69;171
1959;LA CROIX VALMER;83;48
1960;SAINTE-MARGUERITE;88;424
1961;LACROIX ST OUEN;60;338
1962;ROCHECORBON;37;203
1963;LONS;64;348
1964;NAVENNE;70;378
1965;MARINES;95;370
1966;SAINT-MARTIN-LE-VINOUX;38;423
1967;BLANQUEFORT;33;56
1968;WAMBRECHIES;59;636
1969;VAISON-LA-ROMAINE;84;137
1970;GAZERAN;78;269
1971;GUERVILLE;78;291
1972;SARI-SOLENZARA;;269
1973;BRETEIL;35;40
1974;GRANDCAMP-MAISY;14;312
1975;IZERNORE;1;192
1976;BEDEE;35;23
1977;BOUXIERES-AUX-DAMES;54;90
1978;AUSSONNE;31;32
1979;RUPT-SUR-MOSELLE;88;408
1980;CASTELLAR;6;35
1981;CHAMPFLEUR;72;56
1982;MOISSELLES;95;409
1983;LE DEVOLUY;5;139
1984;BONNEUIL-EN-FRANCE;95;88
1985;ECHENOZ-LA-MELINE;70;207
1986;PONT-SAINT-MARTIN;44;130
1987;MEZY-SUR-SEINE;78;403
1988;SAINT-FLORENT-SUR-AUZONNET;30;253
1989;GALLARGUES-LE-MONTUEUX;30;123
1990;MINIAC-MORVAN;35;179
1991;D   HUISON LONGUEVILLE;91;198
1992;DOUBS;25;204
1993;MONTLIGNON;95;426
1994;GUIGNEVILLE;91;293
1995;SIN LE NOBLE;59;569
1996;SAINT ANTONIN NOBLE VAL;82;155
1997;VAUX-SUR-SEINE;78;638
1998;BESSEGES;30;37
1999;SILLERY;51;536
2000;BEAUVALLON;26;42
2001;ORAISON;4;143
2002;CAUTERETS;65;138
2003;LOIX;17;207
2004;HAUX;33;201
2005;RAMONCHAMP;88;369
2006;TREIGNAC;19;269
2007;GREZIEU-LA-VARENNE;69;94
2008;GARRIGUES SAINTE EULALIE;30;126
2009;SAINT-BRES;34;244
2010;SAINTE MAXIME;83;115
2011;CUGES LES PINS;13;30
2012;LE VERDON SUR MER;33;544
2013;CLAIX;38;111
2014;VERDUN-SUR-GARONNE;82;190
2015;ARREAU;65;31
2016;SAINT-ANDRE-DES-EAUX;44;151
2017;CHATEAUBRIANT;44;36
2018;CONDOM;32;107
2019;BREUILLET;91;105
2020;OLMETO;;189
2021;GOURNAY-EN-BRAY;76;312
2022;VERSONNEX;1;435
2023;LODEVE;34;142
2024;BAUD;56;10
2025;CHARMENTRAY;77;94
2026;LORIOL SUR DROME;26;166
2027;ECQUEVILLY;78;206
2028;MORAINVILLIERS;78;431
2029;FERTE-GAUCHER (LA);77;182
2030;LACROIX FALGARDE;31;259
2031;COIGNIERES;78;168
2032;LEUDEVILLE;91;332
2033;POLIGNE;35;231
2034;ANDEVILLE;60;12
2035;SAINT-BENOIT;974;10
2036;ANCENIS-SAINT-GEREON;44;3
2037;DIGOIN;71;176
2038;SAINT-SOUPPLETS;77;437
2039;ST CAPRAIS DE BORDEAUX;33;381
2040;SAINT-VAAST-LA-HOUGUE;50;562
2041;PLAISSAN;34;204
2042;PARTHENAY-DE-BRETAGNE;35;216
2043;RONCHIN;59;507
2044;HALLUIN;59;279
2045;LANGEAC;43;112
2046;CHANTELOUP-LES-VIGNES;78;138
2047;VIARMES;95;652
2048;BETHENY;51;55
2049;TENCIN;38;501
2050;RIVE-DE-GIER;42;186
2051;POLIGNY;39;434
2052;MAZAMET;81;163
2053;AUBOUE;54;28
2054;CHAMROUSSE;38;567
2055;USSAC;19;274
2056;ANDREZEL;77;4
2057;LILLEBONNE;76;384
2058;BARSAC;33;30
2059;SAINT-MARD;77;420
2060;NANTOUILLET;77;332
2061;CHASSELAY;69;49
2062;CHAMBLY;60;139
2063;CAMPAN;65;123
2064;CHAURAY;79;81
2065;VITROLLES;13;117
2066;MIOSSENS LANUSSE;64;385
2067;LORGUES;83;72
2068;CLISSON;44;43
2069;SAINT-SERNIN;7;296
2070;CASTILLON;6;36
2071;DUGNY;93;30
2072;CHATEAUNEUF-LES-MARTIGUES;13;26
2073;PERENCHIES;59;457
2074;SAINT-NABORD;88;429
2075;SEGRE-EN-ANJOU BLEU;49;331
2076;MONTFORT-L AMAURY;78;420
2077;SAVENAY;44;195
2078;CHAMPCUEIL;91;135
2079;PUISSERGUIER;34;225
2080;PLERIN;22;187
2081;SECLIN;59;560
2082;ANCELLE;5;4
2083;BULLION;78;120
2084;VAILLY-SUR-AISNE;2;758
2085;LA MONTAGNE;44;101
2086;BEZANNES;51;58
2087;BAGNERES-DE-BIGORRE;65;59
2088;LATTES;34;129
2089;BOURAY-SUR-JUINE;91;95
2090;REMOULINS;30;212
2091;CARANTEC;29;23
2092;BEAUPREAU-EN-MAUGES;49;23
2093;GEMENOS;13;42
2094;VERT LE GRAND;91;648
2095;LE THILLOT;88;468
2096;LENTILLY;69;112
2097;SAINT-JEAN-DU-FALGA;9;265
2098;LESPARRE-MEDOC;33;240
2099;DIVION;62;270
2100;VAUGRIGNEUSE;91;634
2101;CHAUDON;28;94
2102;FUMEL;47;106
2103;MAISON-ROUGE;77;272
2104;BARZAN;17;34
2105;BORAN SUR OISE;60;86
2106;SAINT-AVE;56;206
2107;BUC;78;117
2108;SAINT-PHILIBERT;56;233
2109;ETRETAT;76;254
2110;MATOURY;973;7
2111;RISOUL;5;119
2112;MIRECOURT;88;304
2113;RICHEBOURG;78;520
2114;LA TOUR D AIGUES;84;133
2115;PUGET-SUR-ARGENS;83;99
2116;CONDE-SAINTE-LIBIAIRE;77;125
2117;BOURG-SAINT-MAURICE;73;54
2118;MULSANNE;72;213
2119;SAUZON;56;241
2120;SAINT-FELIX-DE-LODEZ;34;254
2121;SAINT-LARY-SOULAN;65;388
2122;LA CHATRE;36;46
2123;VENETTE;60;665
2124;LABOISSIERE EN THELLE;60;330
2125;LA GOUESNIERE;35;122
2126;PEYRIAC DE MER;11;285
2127;SAINT CYR AU MONT D OR;69;191
2128;JUZIERS;78;327
2129;SAINT-JULIEN-DE-CONCELLES;44;169
2130;RAMATUELLE;83;101
2131;BULLY;69;32
2132;GAREOULT;83;64
2133;LES PORTES-EN-RE;17;286
2134;VILLERSEXEL;70;561
2135;GIGNAC-LA-NERTHE;13;43
2136;HESDIGNEUL-LES-BETHUNE;62;445
2137;GISORS;27;284
2138;SAINT-MARTIN-D'URIAGE;38;422
2139;PONT-A-MARCQ;59;466
2140;TONNERRE;89;418
2141;MARIGNANE;13;54
2142;LEUVILLE-SUR-ORGE;91;333
2143;SERRES CASTET;64;519
2144;SAINT LAURENT DU MARONI;973;11
2145;BAZAS;33;36
2146;LAURIS;84;65
2147;AIME LA PLAGNE;73;6
2148;MONTVAL-SUR-LOIR;72;71
2149;VILLIERS-ADAM;95;678
2150;ORMESSON-SUR-MARNE;94;55
2151;OISSERY;77;344
2152;THIL;54;521
2153;ABBEVILLE;80;1
2154;PERPIGNAN;66;136
2155;LA CHAUSSEE SAINT VICTOR;41;47
2156;GRAVESON;13;45
2157;LE BAR-SUR-LOUP;6;10
2158;GENAS;69;277
2159;BLAUSASC;6;19
2160;VEDENE;84;141
2161;VILLENEUVE;4;242
2162;VINEUIL;41;295
2163;PERIERS;50;394
2164;BASTELICACCIA;;32
2165;CAULNES;22;32
2166;SAILHAN;65;384
2167;POULX;30;206
2168;MONTMOROT;39;362
2169;TREMENTINES;49;355
2170;MOIRANS;38;239
2171;VILLEFONTAINE;38;553
2172;BRIERES-LES-SCELLES;91;109
2173;SAINT ELOI;58;238
2174;PLOERMEL;56;165
2175;MAISSE;91;359
2176;NEUFCHATEAU;88;321
2177;ROUFFIGNAC-ST-CERNIN-DE-REILHA;24;356
2178;BINIC-ETABLES-SUR-MER;22;55
2179;MONTADY;34;161
2180;PETIT QUEVILLY (LE);76;498
2181;VATHIMENIL;54;550
2182;BOMBON;77;44
2183;LAHONCE;64;304
2184;BRUSSIEU;69;31
2185;LIVRON SUR DROME;26;165
2186;COLLONGES;1;109
2187;GRAND QUEVILLY (LE);76;322
2188;EYBENS;38;158
2189;MATAFELON-GRANGES;1;240
2190;COULOUNIEIX-CHAMIERS;24;138
2191;CAZILHAC;34;67
2192;AUREILHAN;40;19
2193;SIGNES;83;127
2194;MESNIL-ESNARD (LE);76;429
2195;MONTAUROUX;83;81
2196;VERRIERES-EN-ANJOU;49;323
2197;BETHISY ST PIERRE;60;68
2198;GREOLIERES;6;70
2199;SAINT-BONNET-DE-MURE;69;287
2200;LA RUE ST PIERRE;60;559
2201;HUSSIGNY GODBRANGE;54;270
2202;PORT-JEROME-SUR-SEINE;76;476
2203;SAINT-PAUL-EN-CORNILLON;42;270
2204;PAIMBOEUF;44;116
2205;LA GAUDE;6;65
2206;VILLIERS-LE-BACLE;91;679
2207;TEMPLEUVE EN PEVELE;59;586
2208;LANGOIRAN;33;226
2209;SOMAIN;59;574
2210;ANET;28;7
2211;L HORME;42;110
2212;CAVALAIRE-SUR-MER;83;36
2213;DEULEMONT;59;173
2214;TOURVES;83;140
2215;AVION;62;65
2216;LES FORGES;79;124
2217;COURZIEU;69;67
2218;LE BROC;6;25
2219;CESTAS;33;122
2220;MONTIGNY EN GOHELLE;62;587
2221;LOUPIAN;34;143
2222;OFFLANGES;39;392
2223;CASTELNAUD-LA-CHAPELLE;24;86
2224;CASALABRIVA;;71
2225;VENDRES;34;329
2226;MAULEON LICHARRE;64;371
2227;LE MUY;83;86
2228;SAINT GERMAIN NUELLES;69;208
2229;CHAUMONT;52;121
2230;GUEMENE PENFAO;44;67
2231;MODANE;73;157
2232;LEVES;28;209
2233;ESPALY-SAINT-MARCEL;43;89
2234;COURCON;17;127
2235;CHALMAZEL-JEANSAGNIERE;42;39
2236;SAINT-AMAND-LES-EAUX;59;526
2237;BONNELLES;78;87
2238;MONTELIER;26;197
2239;GOMETZ-LE-CHATEL;91;275
2240;BONSECOURS;76;103
2241;LYON 8EME;69;388
2242;GOND PONTOUVRE;16;154
2243;SARAN;45;302
2244;LANTON;33;229
2245;LE CASTELLET;83;35
2246;COURANCES;91;180
2247;DESCARTES;37;115
2248;CAVAILLON;84;35
2249;BASSENS;33;32
2250;BEAURAINS;62;99
2251;BERRE-LES-ALPES;6;15
2252;HERICY;77;226
2253;PARAY LE MONIAL;71;342
2254;FISMES;51;250
2255;LAVALETTE;11;199
2256;LAVANS-LES-SAINT-CLAUDE;39;286
2257;ST LUBIN DES JONCHERETS;28;348
2258;COUBERT;77;127
2259;LE PLESSIS BELLEVILLE;60;500
2260;MAYENNE;53;147
2261;LESSAY;50;267
2262;JARGEAU;45;173
2263;FLEURY-MEROGIS;91;235
2264;AIX EN PROVENCE;13;1
2265;LA SALLE;5;161
2266;LE HAUT-BREDA;38;163
2267;BONNE;74;40
2268;RIANTEC;56;193
2269;BEUIL;6;16
2270;SEMEAC;65;417
2271;CHATEAUNEUF S LOIRE;45;82
2272;CREVECOEUR LE GRAND;60;178
2273;SOIGNOLLES-EN-BRIE;77;455
2274;MAMERS;72;180
2275;LA RICHARDAIS;35;241
2276;UNIEUX;42;316
2277;SAINT-DIONISY;30;249
2278;PERRIGNY;39;411
2279;SAINT-JEAN-DE-MUZOLS;7;245
2280;ARBENT;1;14
2281;VERNAISON;69;260
2282;SAINT-CEZAIRE-SUR-SIAGNE;6;118
2283;OTHIS;77;349
2284;MOULINET;6;86
2285;VIAS;34;332
2286;TOUDON;6;141
2287;YZEURE;3;321
2288;VILLE SUR JARNIOUX;69;265
2289;WITRY-LES-REIMS;51;662
2290;THORIGNE-FOUILLARD;35;334
2291;LA CLUSE ET MIJOUX;25;157
2292;SAINT-VULBAS;1;390
2293;VILLARD-BONNOT;38;547
2294;BEAUNE-LA-ROLANDE;45;30
2295;TIGNES;73;296
2296;TORREILLES;66;212
2297;MONFLANQUIN;47;175
2298;AMPLEPUIS;69;6
2299;SAINT-VALLIER-DE-THIEY;6;130
2300;PONT ST ESPRIT;30;202
2301;SAINTE-ANNE-D'AURAY;56;263
2302;HAUT-VALROMEY;1;187
2303;AUSSOIS;73;23
2304;JUJURIEUX;1;199
2305;ALENCON;61;1
2306;VAL-SAINT-GERMAIN (LE);91;630
2307;VILLENEUVE-SAINT-DENIS;77;510
2308;SAUVE;30;311
2309;GASVILLE OISEME;28;173
2310;LANEUVEVILLE-DEVANT-NANCY;54;300
2311;COTI-CHIAVARI;;98
2312;DIRINON;29;45
2313;LUCE;28;218
2314;POISAT;38;309
2315;COUZEIX;87;50
2316;VOREPPE;38;565
2317;MOIRANS-EN-MONTAGNE;39;333
2318;ASNIERES-SUR-OISE;95;26
2319;BRIE-ET-ANGONNES;38;59
2320;LA BUISSE;38;61
2321;SAINT-ANDRE-DE-CUBZAC;33;366
2322;BOUAYE;44;18
2323;BARGEMON;83;11
2324;CAUX;34;63
2325;GORBIO;6;67
2326;TOULOUGES;66;213
2327;VERTHEUIL;33;545
2328;COLLONGES-SOUS-SALEVE;74;82
2329;ANDON;6;3
2330;LEZIGNAN-CORBIERES;11;203
2331;VEYNES;5;179
2332;BRIENNON;42;26
2333;CARIGNAN-DE-BORDEAUX;33;99
2334;SAINT-JULIEN;69;215
2335;COYE LA FORET;60;172
2336;CHAMPAGNE-EN-VALROMEY;1;79
2337;VINEUIL ST FIRMIN;60;695
2338;SAINT-AUNES;34;240
2339;CHAVENAY;78;152
2340;MONNETIER-MORNEX;74;185
2341;VETRAZ-MONTHOUX;74;298
2342;MAINTENON;28;227
2343;SERRES;5;166
2344;CHATEAUNEUF EN THYMERAIS;28;89
2345;PERRAY-EN-YVELINES (LE);78;486
2346;BASSENS;73;31
2347;LE TRONCHET;35;362
2348;CHAUFFAILLES;71;120
2349;BAGES;11;24
2350;MONTUSSAN;33;293
2351;SAINT PAUL ET VALMALLE;34;282
2352;VILLIERS-SAINT-FREDERIC;78;683
2353;DAVEZIEUX;7;78
2354;AREGNO;;20
2355;VALBONNE;6;152
2356;BELVEDERE;6;13
2357;MONTVALEZAN;73;176
2358;VILLEBAROU;41;276
2359;CASTELNAUD DE GRATECAMBE;47;55
2360;SAINT-JEAN-DE-VEDAS;34;270
2361;LIMOUX;11;206
2362;VANNES;56;260
2363;SAINT-DENIS-EN-VAL;45;274
2364;LE BARCARES;66;17
2365;MARVEJOLS;48;92
2366;LACHELLE;60;337
2367;LOYETTES;1;224
2368;SAINT-DOMINEUC;35;265
2369;PEYMEINADE;6;95
2370;SANDILLON;45;300
2371;SALINS LES BAINS;39;500
2372;OLORON SAINTE MARIE;64;422
2373;MONTPEYROUX;63;241
2374;METABIEF;25;380
2375;RICHELIEU;37;196
2376;NEUVILLE EN FERRAIN;59;426
2377;PINEUILH;33;324
2378;SAINT-HILAIRE-DU-HARCOUET;50;484
2379;L'ILE ROUSSE;;134
2380;MALAUCENE;84;69
2381;PONT-AVEN;29;217
2382;CHEVRY-COSSIGNY;77;114
2383;LA BOLLENE-VESUBIE;6;20
2384;ASPREMONT;6;6
2385;PETIT-COURONNE (LE);76;497
2386;MOUXY;73;182
2387;SAINT-YZAN-DE-SOUDIAC;33;492
2388;VALMONDOIS;95;628
2389;SEREZIN-DU-RHONE;69;294
2390;LESTELLE BETHARRAM;64;339
2391;ROZ-SUR-COUESNON;35;247
2392;BEUVRY;62;126
2393;ANZIN;59;14
2394;ATTICHY;60;25
2395;SAINT-ANDRE-DE-SANGONIS;34;239
2396;BASSUSSARRY;64;100
2397;SALLES D AUDE;11;370
2398;FLUMET;73;114
2399;MOUMOUR;64;409
2400;COURCHEVEL;73;227
2401;LUZENAC;9;176
2402;VINAY;51;643
2403;HERSERANGE;54;261
2404;VILLE-LA-GRAND;74;305
2405;SAINT-SIMEON;77;436
2406;SAINT-DIDIER-EN-VELAY;43;177
2407;MOUSSAN;11;258
2408;CLAVIERS;83;41
2409;LUZ-SAINT-SAUVEUR;65;295
2410;LUCERAM;6;77
2411;CIBOURE;64;189
2412;TREMBLAY-SUR-MAULDRE (LE);78;623
2413;CHENEX;74;69
2414;LES ORRES;5;98
2415;PORTES LES VALENCE;26;252
2416;CHAMPLAN;91;136
2417;LUCINGES;74;153
2418;BONNAY;25;73
2419;SAINT-JULIEN-EN-GENEVOIS;74;243
2420;JOSSIGNY;77;237
2421;FEYZIN;69;276
2422;NOTRE-DAME-DE-MESAGE;38;279
2423;LA CALMETTE;30;61
2424;MIJOUX;1;247
2425;TAVERA;;324
2426;LAMOTHE-MONTRAVEL;24;226
2427;SAINT-MALO-DE-GUERSAC;44;176
2428;LASALLE;30;140
2429;ASSAS;34;14
2430;DOMPIERRE-SUR-MER;17;142
2431;GRENADE SUR GARONNE;31;232
2432;LANTOSQUE;6;74
2433;LE BOURG-D'OISANS;38;52
2434;OLETTA;;185
2435;ITTEVILLE;91;315
2436;MIOS;33;284
2437;BONDUES;59;90
2438;CHAMBOURCY;78;133
2439;RENNES LES BAINS;11;310
2440;SAINT-PIERRE-DE-CHARTREUSE;38;442
2441;DOUY-LA-RAMEE;77;163
2442;GERM;65;199
2443;ETALANS;25;222
2444;SAINT-AGNAN-EN-VERCORS;26;290
2445;REBENACQ;64;463
2446;ALENYA;66;2
2447;LA ROCHE-GUYON;95;523
2448;HARNES;62;413
2449;MONTANAY;69;284
2450;MISEREY SALINES;25;381
2451;COEUVRES ET VALSERY;2;201
2452;AUBORD;30;20
2453;GAGNAC SUR GARONNE;31;205
2454;MEUNG-SUR-LOIRE;45;203
2455;DOMMARTIN;69;76
2456;CHATEAUNEUF-DE-GADAGNE;84;36
2457;ROCHESERVIERE;85;190
2458;CORPS;38;128
2459;MARQUETTE-LEZ-LILLE;59;386
2460;DOMMARTIN-LES-TOUL;54;167
2461;COURTRY;77;139
2462;PLACHY-BUYON;80;627
2463;SELONCOURT;25;539
2464;RAMONVILLE ST AGNE;31;446
2465;POISY;74;213
2466;BROUZILS (LES);85;38
2467;MEHUN-SUR-YEVRE;18;141
2468;AMBOISE;37;3
2469;PUILBOREAU;17;291
2470;DAMELEVIERES;54;152
2471;MOUY;60;439
2472;ST MARCEL;27;562
2473;VOGLANS;73;329
2474;SAINT-LAURENT-D AIGOUZE;30;276
2475;FALICON;6;60
2476;MORTEFONTAINE;60;432
2477;SAINT-CYR-SOUS-DOURDAN;91;546
2478;LUCENAY;69;122
2479;CARVIN;62;215
2480;PUY SAINT VINCENT;5;110
2481;LEGNY;69;111
2482;LAMALOU-LES-BAINS;34;126
2483;HERIMONCOURT;25;304
2484;HAUTELUCE;73;132
2485;TRESSERVE;73;300
2486;ENTRELACS;73;10
2487;MAZE-MILON;49;194
2488;CROISSY-BEAUBOURG;77;146
2489;TOURRETTES;83;138
2490;CRESPIERES;78;189
2491;FONTAINE-LE-COMTE;86;100
2492;NAY;64;417
2493;NOISY-SUR-ECOLE;77;339
2494;VIVIERS;7;346
2495;LA POSSESSION;974;8
2496;MONTLEBON;25;403
2497;EVRY-GREGY-SUR-YERRE;77;175
2498;GRANDCHAMP-DES-FONTAINES;44;66
2499;HASPARREN;64;256
2500;ARAGNOUET;65;17
2501;CORNEILLA DEL VERCOL;66;59
2502;POUZOLS;34;215
2503;MIEUSSY;74;183
2504;COGGIA;;90
2505;MONTREUIL-JUIGNE;49;214
2506;CUGNAUX;31;157
2507;SAUZET;26;338
2508;CHORGES;5;40
2509;SOTTEVILLE-LES-ROUEN;76;681
2510;VERCHAIX;74;294
2511;CHECY;45;89
2512;SAINT-BONNET-EN-CHAMPSAUR;5;132
2513;PLOUGASNOU;29;188
2514;LA CLUSAZ;74;80
2515;TREBEURDEN;22;343
2516;BRIVES-CHARENSAC;43;41
2517;CLEGUER;56;40
2518;GRISOLLES;82;75
2519;SAINT-SULPICE-LA-POINTE;81;271
2520;MORNANT;69;141
2521;SAINTE-COLOMBE;69;189
2522;TRILBARDOU;77;474
2523;DELUZ;25;197
2524;CYSOING;59;168
2525;BIZANOS;64;132
2526;ORTHEZ;64;430
2527;LE LUC;83;73
2528;LARUNS;64;320
2529;MORNAS;84;83
2530;VISAN;84;150
2531;VALENSOLE;4;230
2532;LOOS EN GOHELLE;62;528
2533;NYONS;26;220
2534;LE THOR;84;132
2535;LE TOURNE;33;534
2536;VENOY;89;438
2537;CHEVANNES;89;102
2538;LA FLECHE;72;154
2539;EAUX BONNES;64;204
2540;RIVESALTES;66;164
2541;SAINTE MENEHOULD;51;507
2542;ST GILLES;30;258
2543;VILLARD SUR DORON;73;317
2544;HERBIERS (LES);85;109
2545;ELBEUF;76;231
2546;SAINT-YON;91;581
2547;LE CANNET DES MAURES;83;31
2548;ROUSSET;13;87
2549;QUENZA;;254
2550;ARQUES;62;40
2551;AUZEVILLE-TOLOSANE;31;35
2552;TARTAS;40;313
2553;BARROUX (LE);84;8
2554;LA TOUR;74;284
2555;CHAMARANDE;91;132
2556;MOYENMOUTIER;88;319
2557;SAINT-JEAN-D ARVEY;73;243
2558;BILLERE;64;129
2559;MORLAAS;64;405
2560;LA MOTTE SERVOLEX;73;179
2561;CUSTINES;54;150
2562;BERNAY;27;56
2563;VAYRES-SUR-ESSONNE;91;639
2564;MONTFORT-SUR-MEU;35;188
2565;ROCBARON;83;106
2566;SAINT-MEEN-LE-GRAND;35;297
2567;MOUTHE;25;413
2568;PECQUENCOURT;59;456
2569;JURANCON;64;284
2570;NOGENT SUR SEINE;10;268
2571;AUNEAU-BLEURY-SAINT-SYMPHORIEN;28;15
2572;CHATEAUBOURG;35;68
2573;ST PREST;28;358
2574;LANGRES;52;269
2575;EYGUIERES;13;35
2576;PRALOGNAN-LA-VANOISE;73;206
2577;VILLEY-SAINT-ETIENNE;54;584
2578;SAINTE FEREOLE;19;202
2579;FAUMONT;59;222
2580;GOINCOURT;60;277
2581;SAINT-GEORGES-LES-BAINS;7;240
2582;ENTRE-VIGNES;34;246
2583;AX-LES-THERMES;9;32
2584;GOUVERNES;77;209
2585;SAINT-MELOIR-DES-ONDES;35;299
2586;AUBIGNE RACAN;72;13
2587;SERGY;1;401
2588;BAGNOLES DE L'ORNE NORMANDIE;61;483
2589;LES AUXONS;25;35
2590;ST VALERIEN;89;370
2591;MARANS;17;218
2592;SAINT-ANDRE;974;9
2593;ORGERES;35;208
2594;HATRIZE;54;253
2595;MESSY;77;292
2596;MALEMORT;19;123
2597;ISBERGUES;62;473
2598;BRECEY;50;74
2599;MIREPOIX;9;194
2600;THONES;74;280
2601;CHARTAINVILLIERS;28;84
2602;PLESTIN-LES-GREVES;22;194
2603;CAUDEBEC-LES-ELBEUF;76;165
2604;TOURVILLE-LA-RIVIERE;76;705
2605;MONDONVILLE;31;351
2606;FRONTON;31;202
2607;NEZEL;78;451
2608;CERVIONE;;87
2609;LANGUIDIC;56;101
2610;SAINT-GERMAIN-AU-MONT-D OR;69;207
2611;AUDINCOURT;25;31
2612;CONTAMINE-SUR-ARVE;74;87
2613;RODILHAN;30;356
2614;GIVRY;71;221
2615;GONFREVILLE L ORCHER;76;305
2616;CASTILLON-DU-GARD;30;73
2617;HILLION;22;81
2618;BLACY;51;65
2619;BAUBIGNY;50;33
2620;FLERS;61;169
2621;SAINTE-FOY-L ARGENTIERE;69;201
2622;SAINT SYMPHORIEN SUR COISE;69;238
2623;GAS;28;172
2624;NEVACHE;5;93
2625;SAINT-FULGENT;85;215
2626;RIMPLAS;6;102
2627;SAINT-VIVIEN-DE-MEDOC;33;490
2628;LES AVANCHERS VALMOREL;73;24
2629;MALAY LE GRAND;89;239
2630;BEAUCROISSANT;38;30
2631;COURTHEZON;84;39
2632;BEAUMONT LE ROGER;27;51
2633;CHAUMES-EN-BRIE;77;107
2634;SOLAIZE;69;296
2635;LES ARCS;83;4
2636;CONS-LA-GRANDVILLE;54;137
2637;CLAIRVAUX-LES-LACS;39;154
2638;SAINTE-TULLE;4;197
2639;BESSE;38;40
2640;SAINT-SATURNIN LES APT;84;118
2641;VIENS;84;144
2642;SAINT-ETIENNE-LES-ORGUES;4;178
2643;BEAUTHEIL-SAINTS;77;433
2644;LES ACHARDS;85;152
2645;SAINT MOLF;44;183
2646;TRITH-ST-LEGER;59;603
2647;POINCY;77;369
2648;LA ROCHE DE GLUN;26;271
2649;LESCAR;64;335
2650;MAROLLES-EN-HUREPOIX;91;376
2651;SAINT-JEOIRE;74;241
2652;POLLIONNAY;69;154
2653;SAINT-MONTAN;7;279
2654;DUINGT;74;108
2655;RIANS;83;104
2656;LES ADRETS DE L ESTEREL;83;1
2657;SAINT ROMAIN EN GAL;69;235
2658;MONTFORT SUR ARGENS;83;83
2659;TREGUEUX;22;360
2660;VIEILLE-BRIOUDE;43;262
2661;ST JEAN;31;488
2662;CODOGNAN;30;83
2663;SAINTE-CATHERINE;62;744
2664;AUBIGNAN;84;4
2665;VAL D'OINGT;69;24
2666;VICHY;3;310
2667;SEINE-PORT;77;447
2668;SAULCY-SUR-MEURTHE;88;445
2669;CAZAUBON;32;96
2670;DEVILLE-LES-ROUEN;76;216
2671;POMPERTUZAT;31;429
2672;PATAY;45;248
2673;AIMARGUES;30;6
2674;DAGNEUX;1;142
2675;BOISSY-LE-CUTTE;91;80
2676;VOLONNE;4;244
2677;GONFARON;83;67
2678;LINSELLES;59;352
2679;MOURENX;64;410
2680;CLOHARS CARNOET;29;31
2681;AILLY-SUR-NOYE;80;10
2682;LOROUX-BOTTEREAU (LE);44;84
2683;VILLERUPT;54;580
2684;GELOS;64;237
2685;IDRON;64;269
2686;SAINT-LAURENT-DE-MURE;69;288
2687;SAINTE-REINE-DE-BRETAGNE;44;189
2688;NEBIAN;34;180
2689;SAINT-VINCENT-SUR-JARD;85;278
2690;VER SUR LAUNETTE;60;666
2691;RIAILLE;44;144
2692;VILLIERS-SUR-MORIN;77;521
2693;MARNAZ;74;169
2694;GENAINVILLE;95;270
2695;CUSSET;3;95
2696;SAINT-SEVER;40;282
2697;ARS-EN-RE;17;19
2698;DEMANDOLX;4;69
2699;LA GRAND COMBE;30;132
2700;CORDON;74;89
2701;LANDERNEAU;29;103
2702;BOULAY-LES-BARRES;45;46
2703;MONT-SUR-MEURTHE;54;383
2704;ANCONE;26;8
2705;SAINT-DONAT-SUR-L HERBASSE;26;301
2706;FEUCHEROLLES;78;233
2707;BIACHE-SAINT-VAAST;62;128
2708;GUILLESTRE;5;65
2709;BARBERAZ;73;29
2710;PARENTIS EN BORN;40;217
2711;URCEL;2;755
2712;BELLEVILLE SUR MEUSE;55;43
2713;SATHONAY-VILLAGE;69;293
2714;THURINS;69;249
2715;MORTAGNE-SUR-SEVRE;85;151
2716;ESCALQUENS;31;169
2717;LA SALVETAT ST GILLES;31;526
2718;SAINT VALLIER;26;333
2719;LE TEMPLE DE BRETAGNE;44;203
2720;WOIGNARUE;80;826
2721;VERDUN;55;545
2722;SAINT-DIDIER-AU-MONT-D OR;69;194
2723;ARC-LES-GRAY;70;26
2724;BENESSE-MAREMNE;40;36
2725;VILLEJUST;91;666
2726;LA TOUR DE SALVAGNY;69;250
2727;PONT DE L ISERE;26;250
2728;NOTRE-DAME-DE-BONDEVILLE;76;474
2729;ARRADON;56;3
2730;SAINT-MARTIN-DES-CHAMPS;78;565
2731;LOCONVILLE;60;367
2732;BOUJAN-SUR-LIBRON;34;37
2733;MORTHOMIERS;18;157
2734;RION-DES-LANDES;40;243
2735;NEUVILLE-ST-VAAST;62;609
2736;AUREC-SUR-LOIRE;43;12
2737;SAINT-HAON-LE-CHATEL;42;232
2738;ROYBON;38;347
2739;SAINT-MICHEL;16;341
2740;SAPOIS;88;442
2741;BEAUMES-DE-VENISE;84;12
2742;LANVALLAY;22;118
2743;BAGNOLS-EN-FORET;83;8
2744;PIANA;;212
2745;SAINT-CLAIR-DE-LA-TOUR;38;377
2746;AVENAY-VAL-D'OR;51;28
2747;MIONNAY;1;248
2748;WINGLES;62;895
2749;VIELLE-AURE;65;465
2750;BAGNOLS SUR CEZE;30;28
2751;BLAINVILLE-SUR-L EAU;54;76
2752;LA BREDE;33;213
2753;LA MEZIERE;35;177
2754;BALAN;8;43
2755;ADE;65;2
2756;L ISLE JOURDAIN;32;160
2757;HASNON;59;284
2758;JAUX;60;325
2759;DOMGERMAIN;54;162
2760;VETHEUIL;95;651
2761;LE VERSOUD;38;538
2762;GIMONT;32;147
2763;CLANS;6;42
2764;ALBIEZ-MONTROND;73;13
2765;MONTAGNY;69;136
2766;NOYAL;22;160
2767;MONTFORT-LE-GESNOIS;72;241
2768;MERLIMONT;62;571
2769;FAVIERES;77;177
2770;LA TRINITE DE REVILLE;27;660
2771;FRONTENAY-ROHAN-ROHAN;79;130
2772;MOURS-SAINT-EUSEBE;26;218
2773;ROSCOFF;29;239
2774;CHAUCONIN-NEUFMONTIERS;77;335
2775;THIEUX;77;462
2776;AMANCY;74;7
2777;VERRIERE (LA);78;644
2778;ANGERVILLIERS;91;17
2779;ALLONZIER-LA-CAILLE;74;6
2780;CAMARET-SUR-MER;29;22
2781;VILLENEUVE-SUR-AUVERS;91;671
2782;AVALLON;89;25
2783;SAINT-JUST-CHALEYSSIN;38;408
2784;PUISEUX-EN-FRANCE;95;509
2785;LA BASTIDE DES JOURDANS;84;9
2786;SARDAN;30;309
2787;JOUARRE;77;238
2788;VAIRE;85;298
2789;CORNIMONT;88;116
2790;VILLIEU-LOYES-MOLLON;1;450
2791;ECHALAS;69;80
2792;BOLBEC;76;114
2793;BRUYERES-SUR-OISE;95;116
2794;FRASSETO;;119
2795;MAGENTA;51;663
2796;ST REMY SUR AVRE;28;359
2797;HEDE-BAZOUGES;35;130
2798;VITRY LE FRANCOIS;51;649
2799;PIERREFITTE;88;347
2800;EQUEMAUVILLE;14;243
2801;ARRIGAS;30;17
2802;NEUILLY EN THELLE;60;450
2803;EPAGNY METZ-TESSY;74;112
2804;CERCIE;69;36
2805;MARCHEPRIME;33;555
2806;LAVELANET;9;160
2807;ARAULES;43;7
2808;HEILLECOURT;54;257
2809;VIDAUBAN;83;148
2810;ENTRAIGUES-SUR-LA-SORGUE;84;43
2811;VOULX;77;531
2812;BROONS;22;20
2813;CRAMOISY;60;173
2814;TAIN L HERMITAGE;26;347
2815;CARNETIN;77;62
2816;CHATEAURENARD;13;27
2817;COLLOBRIERES;83;43
2818;CHAMPDEUIL;77;81
2819;LES ANDELYS;27;16
2820;CONCHES EN OUCHE;27;165
2821;MATIGNON;22;143
2822;VOURLES;69;268
2823;SALERNES;83;121
2824;FONTEVRAUD L ABBAYE;49;140
2825;VAGNEY;88;486
2826;SAINT-PAUL-DE-FENOUILLET;66;187
2827;LE MESNIL EN THELLE;60;398
2828;SARCEY;69;173
2829;AJOUPA BOUILLON;972;1
2830;CHENIMENIL;88;101
2831;SAINT GOBAIN;2;680
2832;NAVARRENX;64;416
2833;BRIOUDE;43;40
2834;MAZEROLLES;64;374
2835;SAINTE-AGNES;6;113
2836;LA TESSOUALLE;49;343
2837;MERINDOL;84;74
2838;BAUME LES DAMES;25;47
2839;BREIL-SUR-ROYA;6;23
2840;MALEMORT-DU-COMTAT;84;70
2841;RICHARDMENIL;54;459
2842;CROZON;29;42
2843;SAVY-BERLETTE;62;785
2844;STE GENEVIEVE;60;575
2845;GONCELIN;38;181
2846;CUTTOLI-CORTICCHIATO;;103
2847;CHAPONOST;69;43
2848;BOE;47;31
2849;CAROMB;84;30
2850;MONTASTRUC LA CONSEILLERE;31;358
2851;LA ROQUETTE SUR VAR;6;109
2852;LE VIGAN;30;350
2853;ACHERES-LA-FORET;77;1
2854;ROBERT;972;22
2855;GUERMANTES;77;221
2856;COPPONEX;74;88
2857;SAINT-PIERRE-EN-FAUCIGNY;74;250
2858;BAILLY;78;43
2859;PONT-SALOMON;43;153
2860;SAINT-PANTALEON-LES-VIGNES;26;322
2861;VAULNAVEYS-LE-BAS;38;528
2862;SAINT PIERRE LES ELBEUF;76;640
2863;DIJON;21;231
2864;LES NOES PRES TROYES;10;265
2865;SAINT-GENIES-DE-MALGOIRES;30;255
2866;YERVILLE;76;752
2867;RIVES-DU-LOIR-EN-ANJOU;49;377
2868;PEROY LES GOMBRIES;60;489
2869;COSNES-ET-ROMAIN;54;138
2870;VERNEUIL D'AVRE ET D'ITON;27;679
2871;SAINT-DREZERY;34;249
2872;LABBEVILLE;95;328
2873;MARCY;69;126
2874;VILLEFORT;48;198
2875;TOMBLAINE;54;526
2876;COURSAN;11;106
2877;CASTRES GIRONDE;33;109
2878;TONNAY CHARENTE;17;449
2879;LOIREAUXENCE;44;213
2880;TRINITE;972;30
2881;LE MONETIER-LES-BAINS;5;79
2882;TULLE;19;272
2883;RONTIGNON;64;467
2884;CHASTREIX;63;98
2885;LA MEMBROLLE-SUR-CHOISILLE;37;151
2886;SAINT-ETIENNE-DE-CROSSEY;38;383
2887;KERVIGNAC;56;94
2888;RETIERS;35;239
2889;SAINT-GEOIRS;38;387
2890;HAROUE;54;252
2891;BUXEROLLES;86;41
2892;LENS;62;498
2893;COLAYRAC ST CIRQ;47;69
2894;ST DENIS-LANNERAY;28;334
2895;SAUVAGNON;64;511
2896;CANTARON;6;31
2897;L'HERMITAGE;35;131
2898;SAINT-JEAN-DE-BEAUREGARD;91;560
2899;BELLEU;2;64
2900;BELLEFONTAINE;39;47
2901;MAROLLES-EN-BRIE;94;48
2902;FOURAS;17;168
2903;MANIQUERVILLE;76;406
2904;CAVEIRAC;30;75
2905;LES FORGES;88;178
2906;SUMENE;30;325
2907;FRANCOIS;972;10
2908;MONTREAL;89;267
2909;PONT-SAINT-VINCENT;54;432
2910;TERGNIER;2;738
2911;COULOMBS;28;113
2912;CABASSE;83;26
2913;ST JULIEN EN ST ALBAN;7;255
2914;SAINT-MARTIN-D' ARDECHE;7;268
2915;MONTCEAU LES MINES;71;306
2916;PLOUGASTEL-DAOULAS;29;189
2917;LESTIAC-SUR-GARONNE;33;241
2918;PLOUHARNEL;56;168
2919;FORMIGUERES;66;82
2920;SAINT-NICOLAS-DE-REDON;44;185
2921;BEAUMONT LES VALENCE;26;37
2922;CHEROY;89;100
2923;CHAMBRY;77;77
2924;LA BATIE NEUVE;5;17
2925;PAMIERS;9;225
2926;COLOMBE LA FOSSE;10;102
2927;PLUNERET;56;176
2928;CHESSY;69;56
2929;BRESSUIRE;79;49
2930;SANTA-MARIA-SICHE;;312
2931;SAINT-SAVIN;33;473
2932;CRAMANT;51;196
2933;LA VERPILLIERE;38;537
2934;HEM;59;299
2935;IZEAUX;38;194
2936;SAINT-QUENTIN-DE-BARON;33;466
2937;SAINT CALAIS;72;269
2938;SAUMANE-DE-VAUCLUSE;84;124
2939;ST-ETIENNE-LES-REMIREMONT;88;415
2940;AMFREVILLE-LA-MIVOIE;76;5
2941;POUXEUX;88;358
2942;LUISANT;28;220
2943;BIHOREL;76;95
2944;BEAUZELLE;31;56
2945;YSSINGEAUX;43;268
2946;BARREME;4;22
2947;FLINS-SUR-SEINE;78;238
2948;DAMPIERRE-EN-YVELINES;78;193
2949;ANGERVILLE;91;16
2950;BOURGUEIL;37;31
2951;DONGES;44;52
2952;MORMANT;77;317
2953;QUESNOY SUR DEULE;59;482
2954;CLUNY;71;137
2955;GLIERES-VAL-DE-BORNE;74;212
2956;SERNHAC;30;317
2957;FARGES;1;158
2958;SAINT-REMY;71;475
2959;LAVELINE-DEVANT-BRUYERES;88;262
2960;ANTHON;38;11
2961;LES FOURGS;25;254
2962;PUYVALADOR;66;154
2963;NERAC;47;195
2964;LE CHEYLAS;38;100
2965;L'ISLE-D'ABEAU;38;193
2966;CHATEAUNEUF-DU-PAPE;84;37
2967;PONTGIBAUD;63;285
2968;SAINT-HILAIRE-D OZILHAN;30;260
2969;USSEL;19;275
2970;PLOEREN;56;164
2971;BOURGOIN-JALLIEU;38;53
2972;BEAUZAC;43;25
2973;FONTENAY-EN-PARISIS;95;241
2974;CHAUMONTEL;95;149
2975;GROS MORNE;972;12
2976;MONTAREN-ET-SAINT-MEDIERS;30;174
2977;AURIS;38;20
2978;SAINT-ARNOULT;14;557
2979;LES ADRETS;38;2
2980;LE BOULOU;66;24
2981;BAZEILLES;8;53
2982;SAVINES-LE-LAC;5;164
2983;MONTGENEVRE;5;85
2984;PUY-SANIERES;5;111
2985;SAINT-PALAIS;64;493
2986;CAMPBON;44;25
2987;SOUPPES-SUR-LOING;77;458
2988;PONTCARRE;77;374
2989;BLANZY;71;40
2990;DAUMAZAN-SUR-ARIZE;9;105
2991;FERE EN TARDENOIS;2;305
2992;SAINT LOUBES;33;433
2993;SAINT-VALERY-SUR-SOMME;80;721
2994;PERONNE;80;620
2995;SAINT MARS D OUTILLE;72;299
2996;THORIGNY-SUR-OREUSE;89;414
2997;ANDUZE;30;10
2998;SAINT-JOUAN-DES-GUERETS;35;284
2999;AMILLY;45;4
3000;VARANGEVILLE;54;549
3001;ANDILLY;95;14
3002;ROCHEFORT-EN-YVELINES;78;522
3003;CARENTAN LES MARAIS;50;99
3004;HALLENNES-LEZ-HAUBOURDIN;59;278
3005;PLAILLY;60;494
3006;LAUNAGUET;31;282
3007;ARETTE;64;40
3008;PREFAILLES;44;136
3009;SAINT-HILAIRE-LES-ANDRESIS;45;281
3010;ST-SEURIN-SUR-L ISLE;33;478
3011;ROUGIERS;83;110
3012;LE MEUX;60;402
3013;DENGUIN;64;198
3014;ISLES-LES-VILLENOY;77;232
3015;SAINT-SAUVEUR-SUR-ECOLE;77;435
3016;THOUROTTE;60;636
3017;UHART-CIZE;64;538
3018;VALOGNES;50;615
3019;MERVILLE FRANCEVILLE;14;409
3020;SERIGNAN-DU-COMTAT;84;127
3021;SACLAY;91;534
3022;SAINT-PAULET-DE-CAISSON;30;290
3023;SAZE;30;315
3024;LIFFOL-LE-GRAND;88;270
3025;BRIARE;45;53
3026;RIVIERE-SAINT-SAUVEUR (LA);14;536
3027;LANS-EN-VERCORS;38;205
3028;UTELLE;6;151
3029;QUISSAC;30;210
3030;SAINT-CHAFFREY;5;133
3031;BEAUMONT SUR SARTHE;72;29
3032;GIGNAC;34;114
3033;ST MAXIMIN LA STE BAUME;83;116
3034;SAINTE-FOY-LA-GRANDE;33;402
3035;SAINT-SYMPHORIEN-D'OZON;69;291
3036;COUTRAS;33;138
3037;SEVIGNACQ MEYRACQ;64;522
3038;JULLOUVILLE;50;66
3039;LE MONASTERE;12;146
3040;VIGGIANELLO;;349
3041;JOUY;28;201
3042;BAZIEGE;31;48
3043;ANGOULINS;17;10
3044;ALLOUIS;18;5
3045;MONTSEGUR-SUR-LAUZON;26;211
3046;TOURTOUR;83;139
3047;MAGNANVILLE;78;354
3048;SAINT VALLIER;71;486
3049;AIGUILLON-SUR-MER (L );85;1
3050;CROLLES;38;140
3051;SAUTRON;44;194
3052;AIGUILLON;47;4
3053;GIRANCOURT;88;201
3054;MERCUROL-VEAUNES;26;179
3055;GRABELS;34;116
3056;PUGET-THENIERS;6;99
3057;VIRY;74;309
3058;DENAIN;59;172
3059;MONTBELIARD;25;388
3060;VIGNEUX DE BRETAGNE;44;217
3061;ORVILLIERS;78;474
3062;MONTFRIN;30;179
3063;LE GUA;38;187
3064;MONTFERRAT;83;82
3065;HENIN-BEAUMONT;62;427
3066;MAREUIL-LE-PORT;51;346
3067;SAINT-CIERS-SUR-GIRONDE;33;389
3068;COURVILLE SUR EURE;28;116
3069;RAVILLOLES;39;453
3070;MARGAUX CANTENAC;33;268
3071;GREMONVILLE;76;325
3072;SAINT JUST MALMONT;43;205
3073;CHAGNY;71;73
3074;SAINT-NIC;29;256
3075;SENS-DE-BRETAGNE;35;326
3076;VALLEROY;54;542
3077;LAYE;5;72
3078;SAINTE EULALIE;33;397
3079;CORENC;38;126
3080;SAINT SERNIN DU BOIS;71;479
3081;MONTPEYROUX;34;173
3082;PONTORSON;50;410
3083;THIAUCOURT-REGNIEVILLE;54;518
3084;ARCHAMPS;74;16
3085;PONT-DE-CHERUY;38;316
3086;BREAUTE;76;141
3087;FRIGNICOURT;51;262
3088;RAMBERVILLERS;88;367
3089;SIVRY-COURTRY;77;453
3090;FOLEMBRAY;2;318
3091;MONTARNAUD;34;163
3092;PLOUMAGOAR;22;225
3093;CAMBRONNE LES RIBECOURT;60;119
3094;CROZET;1;135
3095;ROQUEMAURE;30;221
3096;VAYRES;33;539
3097;SEUGY;95;594
3098;GRIGNOLS;33;195
3099;FLOURENS;31;184
3100;DIENVILLE;10;123
3101;GERBEPAL;88;198
3102;ST HIPPOLYTE DU FORT;30;263
3103;TOUSSIEU;69;298
3104;PORT-BAIL-SUR-MER;50;412
3105;PORTIRAGNES;34;209
3106;SAINT-NICOLAS-DE-PORT;54;483
3107;PONSAS;26;247
3108;JEUXEY;88;253
3109;PEYRE EN AUBRAC;48;9
3110;CHAPELLE-HEULIN (LA);44;32
3111;BERSEE;59;71
3112;SAINT-MARTIN-EN-BIERE;77;425
3113;AVIZE;51;29
3114;CHAGEY;70;116
3115;MONTREUIL-SUR-ILLE;35;195
3116;MENTHON-SAINT-BERNARD;74;176
3117;VAL-D'IZE;35;347
3118;CHATEAUFORT;78;143
3119;CEPOY;45;61
3120;SAINT-ARMEL;35;250
3121;VILLERS ECALLES;76;743
3122;CLERMONT CREANS;72;84
3123;GROISY;74;137
3124;POMEROLS;34;207
3125;LA HAYE;50;236
